Object;Year;Month;Day;Hours;Minutes;Distance (LD);Velocity (km/s);Impact Probability;Hazard Scale;Danger;Diameter;Id
(2008 DB)            ;1900;Feb;20;10;21;70.5;12.3;3.70E-05;-5;0;31.0;(2008 DB)            1900Feb20
(2011 DS)            ;1901;Aug;14;19;20;7.9;7.2;2.70E-05;-6.2;0;18.0;(2011 DS)            1901Aug14
(2016 DB)            ;1901;Feb;13;21;35;39.1;12.2;0.5     ;-11;0;8.65;(2016 DB)            1901Feb13
(2016 FV13)          ;1901;Jul;20;20;4;42;9;2.50E-05;-5.3;0;29.5;(2016 FV13)          1901Jul20
(2016 SU2)           ;1901;Jan;4;15;1;46.4;10;4.40E-06;-7.3;0;13.0;(2016 SU2)           1901Jan4
(2017 SU17)          ;1901;Sep;27;12;58;18.5;9.7;2.60E-05;-6.8;0;10.85;(2017 SU17)          1901Sep27
(2010 TW54)          ;1902;Apr;6;18;34;25.1;5.9;3.20E-05;-6.1;0;13.0;(2010 TW54)          1902Apr6
(2016 DB)            ;1902;Jun;1;9;47;14.5;10;0.5     ;-11;0;8.65;(2016 DB)            1902Jun1
(2016 SR2)           ;1902;Oct;1;23;52;30.4;8.2;3.90E-07;-7.6;0;24.5;(2016 SR2)           1902Oct1
(2016 WF7)           ;1902;Nov;20;8;56;71.7;12.4;1.00E-07;-9.3;0;7.3;(2016 WF7)           1902Nov20
(2016 FV13)          ;1903;Aug;3;4;14;33.9;11.1;2.50E-05;-5.3;0;29.5;(2016 FV13)          1903Aug3
(2011 DS)            ;1904;Feb;24;1;0;51.6;10.6;2.70E-05;-6.2;0;18.0;(2011 DS)            1904Feb24
(2016 SR2)           ;1904;Mar;24;16;52;21.5;7.5;3.90E-07;-7.6;0;24.5;(2016 SR2)           1904Mar24
(2002 EM7)           ;1905;Jul;4;13;5;23.2;8.8;6.10E-08;-7.3;1;56.5;(2002 EM7)           1905Jul4
(2014 QF33)          ;1905;Nov;30;10;40;47;26.3;1.40E-07;-6.1;1;79.0;(2014 QF33)          1905Nov30
(2016 FV13)          ;1905;Aug;10;6;47;50.5;13.7;2.50E-05;-5.3;0;29.5;(2016 FV13)          1905Aug10
(2004 FH)            ;1906;Feb;26;23;23;17.9;6;5.40E-06;-6.6;0;31.0;(2004 FH)            1906Feb26
(2015 YJ)            ;1906;May;18;16;33;27.1;14.3;0.0016  ;-4.4;0;10.05;(2015 YJ)            1906May18
(2016 FV7)           ;1906;Apr;4;1;37;42.9;29.5;0.91    ;-7.8;1;102.0;(2016 FV7)           1906Apr4
(2017 QF3)           ;1906;Feb;14;10;13;20.7;11.1;3.20E-05;-6.1;0;11.6;(2017 QF3)           1906Feb14
(2005 VN5)           ;1907;Aug;25;9;23;55.2;5.2;5.00E-05;-5.9;0;17.5;(2005 VN5)           1907Aug25
(2005 VN5)           ;1907;May;26;18;9;76.7;4.8;5.00E-05;-5.9;0;17.5;(2005 VN5)           1907May26
(2016 DB)            ;1907;Feb;14;20;6;42.4;12.5;0.5     ;-11;0;8.65;(2016 DB)            1907Feb14
(2016 WF7)           ;1907;Dec;25;5;6;39;5.3;1.00E-07;-9.3;0;7.3;(2016 WF7)           1907Dec25
99942 Apophis (2004 MN4);1907;Apr;13;0;24;11.3;5.1;8.90E-06;-2.9;1;495.0;99942 Apophis (2004 MN4)1907Apr13
(2016 DB)            ;1908;Jun;1;0;59;13.1;9.8;0.5     ;-11;0;8.65;(2016 DB)            1908Jun1
(2017 FB1)           ;1908;Aug;25;15;12;24;23.6;4.10E-07;-5.8;1;88.0;(2017 FB1)           1908Aug25
(2015 TC25)          ;1909;Feb;22;4;4;69.7;8.9;8.20E-07;-8.7;0;5.4;(2015 TC25)          1909Feb22
(2016 WU)            ;1909;May;19;13;47;9.5;6.5;2.60E-06;-7.1;0;15.1;(2016 WU)            1909May19
(2008 DB)            ;1910;Oct;10;14;57;64.7;5.7;3.70E-05;-5;0;31.0;(2008 DB)            1910Oct10
(2008 DB)            ;1910;Jul;20;2;10;75.6;4.5;3.70E-05;-5;0;31.0;(2008 DB)            1910Jul20
(2014 QF33)          ;1910;Dec;10;2;41;68.4;18.4;1.40E-07;-6.1;1;79.0;(2014 QF33)          1910Dec10
(2015 BY3)           ;1910;Jul;21;3;16;53.5;12.6;8.00E-07;-7.5;0;13.7;(2015 BY3)           1910Jul21
(2016 WU)            ;1910;Sep;21;0;7;73;5.3;2.60E-06;-7.1;0;15.1;(2016 WU)            1910Sep21
(2014 WE6)           ;1911;Nov;18;14;43;14.8;3.3;4.70E-05;-7.6;0;3.55;(2014 WE6)           1911Nov18
(2016 RD34)          ;1911;Sep;30;5;29;6.5;1.7;0.0062  ;-3.8;0;13.0;(2016 RD34)          1911Sep30
(2016 WU)            ;1911;Nov;24;22;59;63;11.4;2.60E-06;-7.1;0;15.1;(2016 WU)            1911Nov24
101955 Bennu (1999 RQ36);1911;Sep;22;21;18;5.5;6.3;0.00037 ;-2.3;1;390.0;101955 Bennu (1999 RQ36)1911Sep22
(2008 DB)            ;1912;Feb;16;22;28;34.6;9.6;3.70E-05;-5;0;31.0;(2008 DB)            1912Feb16
(2008 KN11)          ;1912;Nov;4;21;17;34.8;15.2;3.60E-08;-6.3;1;100.5;(2008 KN11)          1912Nov4
(2010 RF12)          ;1912;Apr;18;3;11;51.1;8.7;0.05    ;-3.3;0;10.2;(2010 RF12)          1912Apr18
(2006 UJ185)         ;1913;Oct;31;0;58;8.9;14.8;2.50E-05;-6.4;0;11.5;(2006 UJ185)         1913Oct31
(2016 DB)            ;1913;Feb;13;22;52;31.2;11.6;0.5     ;-11;0;8.65;(2016 DB)            1913Feb13
(2016 WF7)           ;1913;Feb;19;16;30;44.6;10.2;1.00E-07;-9.3;0;7.3;(2016 WF7)           1913Feb19
(2016 WN7)           ;1913;Dec;13;7;33;36.9;5.3;2.60E-06;-7.3;0;11.5;(2016 WN7)           1913Dec13
410777 (2009 FD)     ;1913;Mar;20;17;14;57.1;20.3;0.0016  ;-1.8;2;165.0;410777 (2009 FD)     1913Mar20
(2016 CY135)         ;1914;Mar;10;4;33;2.3;6.7;1.40E-06;-6.2;1;54.0;(2016 CY135)         1914Mar10
(2016 DB)            ;1914;Jun;1;3;35;25.2;10.9;0.5     ;-11;0;8.65;(2016 DB)            1914Jun1
410777 (2009 FD)     ;1914;Oct;19;19;17;53.6;11.8;0.0016  ;-1.8;2;165.0;410777 (2009 FD)     1914Oct19
99942 Apophis (2004 MN4);1914;Nov;6;23;33;63.4;4.1;8.90E-06;-2.9;1;495.0;99942 Apophis (2004 MN4)1914Nov6
(2004 FH)            ;1915;Mar;24;8;23;18;8.4;5.40E-06;-6.6;0;31.0;(2004 FH)            1915Mar24
(2007 WP3)           ;1915;Nov;11;7;31;3.6;13.2;7.70E-06;-5;1;86.5;(2007 WP3)           1915Nov11
(2010 RF12)          ;1915;Sep;10;6;14;1.2;5.2;0.05    ;-3.3;0;10.2;(2010 RF12)          1915Sep10
(2010 TW54)          ;1915;Mar;30;21;7;25.8;9.7;3.20E-05;-6.1;0;13.0;(2010 TW54)          1915Mar30
(2015 YJ)            ;1915;Dec;6;22;21;51.5;12.4;0.0016  ;-4.4;0;10.05;(2015 YJ)            1915Dec6
99942 Apophis (2004 MN4);1915;Jan;28;18;6;47.5;4.5;8.90E-06;-2.9;1;495.0;99942 Apophis (2004 MN4)1915Jan28
(2005 VN5)           ;1916;Sep;5;4;6;58;5.4;5.00E-05;-5.9;0;17.5;(2005 VN5)           1916Sep5
(2010 RF12)          ;1916;Sep;8;5;4;13;6;0.05    ;-3.3;0;10.2;(2010 RF12)          1916Sep8
(2016 AF2)           ;1916;Dec;23;19;59;3.7;5.7;2.60E-07;-8.2;0;11.5;(2016 AF2)           1916Dec23
(2016 EV84)          ;1916;Mar;30;2;0;73;9.3;2.80E-06;-6.8;0;19.0;(2016 EV84)          1916Mar30
(2016 WF7)           ;1916;Nov;20;8;36;76.7;12.8;1.00E-07;-9.3;0;7.3;(2016 WF7)           1916Nov20
(2017 OO1)           ;1916;Dec;29;23;30;76.1;12.2;3.50E-08;-7.6;1;53.5;(2017 OO1)           1916Dec29
(2017 OO1)           ;1916;Jul;21;17;46;37.6;10.7;3.50E-08;-7.6;1;53.5;(2017 OO1)           1916Jul21
443104 (2013 XK22)   ;1916;Dec;20;4;34;17;5.9;1.40E-06;-5.8;1;59.5;443104 (2013 XK22)   1916Dec20
(2004 FH)            ;1917;Jan;27;0;3;58.6;11.5;5.40E-06;-6.6;0;31.0;(2004 FH)            1917Jan27
(2008 GY21)          ;1917;Apr;9;15;18;0.5;11.2;2.30E-07;-8.6;0;13.0;(2008 GY21)          1917Apr9
(2010 GH7)           ;1917;Mar;18;22;21;8.4;4.7;0.00014 ;-5.9;0;15.1;(2010 GH7)           1917Mar18
(2010 RF12)          ;1917;Sep;6;5;25;35;7.7;0.05    ;-3.3;0;10.2;(2010 RF12)          1917Sep6
(2010 TW54)          ;1917;Oct;13;23;29;40.9;10.9;3.20E-05;-6.1;0;13.0;(2010 TW54)          1917Oct13
(2013 CY)            ;1917;Sep;25;17;36;30.7;4.7;2.20E-06;-8;0;9.4;(2013 CY)            1917Sep25
(2015 DA54)          ;1917;Jul;21;13;30;55.4;26.2;2.60E-08;-5.5;1;295.0;(2015 DA54)          1917Jul21
101955 Bennu (1999 RQ36);1917;Oct;3;14;47;20.6;4.8;0.00037 ;-2.3;1;390.0;101955 Bennu (1999 RQ36)1917Oct3
(2010 RF12)          ;1918;Sep;3;20;4;59.3;9.5;0.05    ;-3.3;0;10.2;(2010 RF12)          1918Sep3
(2016 WN7)           ;1918;Dec;14;4;22;37.4;5.3;2.60E-06;-7.3;0;11.5;(2016 WN7)           1918Dec14
(2016 WY)            ;1918;Dec;24;17;10;59.7;8;0.0001  ;-6.6;0;5.65;(2016 WY)            1918Dec24
(2017 FB1)           ;1918;Mar;10;14;42;71.3;27.4;4.10E-07;-5.8;1;88.0;(2017 FB1)           1918Mar10
(2016 DB)            ;1919;Feb;13;20;54;16.5;10.4;0.5     ;-11;0;8.65;(2016 DB)            1919Feb13
(2016 WN7)           ;1919;Mar;27;12;15;72.9;5;2.60E-06;-7.3;0;11.5;(2016 WN7)           1919Mar27
29075 (1950 DA)      ;1919;Mar;2;0;48;32.5;15.7;0.00012 ;-1.4;1;1650.0;29075 (1950 DA)      1919Mar2
443104 (2013 XK22)   ;1919;Jun;22;10;44;9.1;7.5;1.40E-06;-5.8;1;59.5;443104 (2013 XK22)   1919Jun22
(2014 QN266)         ;1920;Nov;3;16;44;58.4;3.4;2.00E-06;-6.7;0;24.0;(2014 QN266)         1920Nov3
(2014 QN266)         ;1920;Mar;19;23;3;11.6;3.8;2.00E-06;-6.7;0;24.0;(2014 QN266)         1920Mar19
(2016 DB)            ;1920;May;31;3;1;36.9;11.9;0.5     ;-11;0;8.65;(2016 DB)            1920May31
(2015 VK1)           ;1921;Nov;6;1;21;71.9;20.1;7.70E-07;-7.1;0;20.5;(2015 VK1)           1921Nov6
(2016 AF2)           ;1921;Dec;22;2;33;30.1;8.2;2.60E-07;-8.2;0;11.5;(2016 AF2)           1921Dec22
(2016 JA)            ;1921;Sep;28;0;32;44.9;11;1.00E-06;-7.9;0;13.0;(2016 JA)            1921Sep28
(2016 WF7)           ;1921;Dec;29;5;41;39.5;5.3;1.00E-07;-9.3;0;7.3;(2016 WF7)           1921Dec29
(2008 DB)            ;1922;Sep;27;15;40;57.6;5;3.70E-05;-5;0;31.0;(2008 DB)            1922Sep27
(2008 DB)            ;1922;Aug;4;7;42;63.8;3.7;3.70E-05;-5;0;31.0;(2008 DB)            1922Aug4
(2016 JA)            ;1922;Oct;4;2;20;13.2;6.6;1.00E-06;-7.9;0;13.0;(2016 JA)            1922Oct4
(2016 RD34)          ;1922;Oct;13;0;53;59.7;5.7;0.0062  ;-3.8;0;13.0;(2016 RD34)          1922Oct13
(2016 RD34)          ;1922;Apr;15;23;43;44.9;2.3;0.0062  ;-3.8;0;13.0;(2016 RD34)          1922Apr15
(2017 JB2)           ;1922;May;31;19;14;36;5.7;9.70E-07;-8.8;0;6.6;(2017 JB2)           1922May31
(2017 LD)            ;1922;Jun;6;17;54;0.4;5.1;0.002   ;-4.8;0;13.15;(2017 LD)            1922Jun6
99942 Apophis (2004 MN4);1922;Dec;19;4;43;45;9;8.90E-06;-2.9;1;495.0;99942 Apophis (2004 MN4)1922Dec19
(2007 FP3)           ;1923;Nov;6;0;35;24.1;11.5;2.00E-06;-7.9;0;8.8;(2007 FP3)           1923Nov6
(2016 JA)            ;1923;Nov;16;23;37;69.1;5.7;1.00E-06;-7.9;0;13.0;(2016 JA)            1923Nov16
(2016 JA)            ;1923;Sep;8;7;48;68.7;5.1;1.00E-06;-7.9;0;13.0;(2016 JA)            1923Sep8
(2016 SR2)           ;1923;Oct;2;19;53;30.3;8.2;3.90E-07;-7.6;0;24.5;(2016 SR2)           1923Oct2
(2016 WN7)           ;1923;Dec;15;1;32;37.9;5.3;2.60E-06;-7.3;0;11.5;(2016 WN7)           1923Dec15
101955 Bennu (1999 RQ36);1923;Nov;21;6;29;47.4;4.7;0.00037 ;-2.3;1;390.0;101955 Bennu (1999 RQ36)1923Nov21
(2007 WP3)           ;1924;Nov;17;18;13;46.3;16.3;7.70E-06;-5;1;86.5;(2007 WP3)           1924Nov17
(2008 DB)            ;1924;Feb;15;6;35;21.6;8.6;3.70E-05;-5;0;31.0;(2008 DB)            1924Feb15
(2010 GV23)          ;1924;May;16;15;15;42.5;4.4;7.30E-07;-8;0;13.0;(2010 GV23)          1924May16
(2010 GV23)          ;1924;Feb;15;1;55;68.3;3.7;7.30E-07;-8;0;13.0;(2010 GV23)          1924Feb15
(2010 RM80)          ;1924;Apr;25;17;59;74.4;10.9;1.10E-05;-7.3;0;11.5;(2010 RM80)          1924Apr25
(2012 BA77)          ;1924;Dec;16;1;2;38.9;10.6;3.30E-05;-5.1;0;29.5;(2012 BA77)          1924Dec16
(2015 VO142)         ;1924;Apr;9;4;39;24.8;4.7;6.40E-06;-7.7;0;6.8;(2015 VO142)         1924Apr9
(2017 OO1)           ;1924;Jul;20;14;5;12.4;10;3.50E-08;-7.6;1;53.5;(2017 OO1)           1924Jul20
101955 Bennu (1999 RQ36);1924;Mar;1;6;33;67.4;4.2;0.00037 ;-2.3;1;390.0;101955 Bennu (1999 RQ36)1924Mar1
99942 Apophis (2004 MN4);1924;Apr;13;6;51;41.9;9.1;8.90E-06;-2.9;1;495.0;99942 Apophis (2004 MN4)1924Apr13
(2013 BL18)          ;1925;Jan;1;18;52;35.1;11.9;2.10E-05;-5.4;0;28.5;(2013 BL18)          1925Jan1
(2013 RZ53)          ;1925;Dec;26;0;32;42.1;3.7;1.40E-05;-8.7;0;2.6;(2013 RZ53)          1925Dec26
(2015 EG7)           ;1925;Mar;8;9;3;56.8;17.2;5.70E-06;-6.6;0;14.4;(2015 EG7)           1925Mar8
(2016 DB)            ;1925;Feb;13;4;44;8.8;9.8;0.5     ;-11;0;8.65;(2016 DB)            1925Feb13
(2016 SR2)           ;1925;Mar;25;17;38;24.4;7.7;3.90E-07;-7.6;0;24.5;(2016 SR2)           1925Mar25
(2004 FH)            ;1926;Feb;13;17;31;18.1;6.1;5.40E-06;-6.6;0;31.0;(2004 FH)            1926Feb13
(2009 JL2)           ;1926;May;5;13;21;34.4;14.2;3.40E-06;-6.5;0;27.5;(2009 JL2)           1926May5
(2016 DB)            ;1926;May;31;22;7;40;12.1;0.5     ;-11;0;8.65;(2016 DB)            1926May31
(2016 EP84)          ;1926;Feb;20;23;20;11.1;3.3;1.90E-05;-6.4;0;14.4;(2016 EP84)          1926Feb20
(2013 RZ53)          ;1927;Apr;4;0;31;22.6;2.6;1.40E-05;-8.7;0;2.6;(2013 RZ53)          1927Apr4
(2014 QF33)          ;1927;Aug;15;8;8;12;22.4;1.40E-07;-6.1;1;79.0;(2014 QF33)          1927Aug15
(2016 WF7)           ;1927;Feb;17;21;52;74.3;12.6;1.00E-07;-9.3;0;7.3;(2016 WF7)           1927Feb17
(2016 WU)            ;1927;May;22;10;14;35.3;5.2;2.60E-06;-7.1;0;15.1;(2016 WU)            1927May22
(2007 FP3)           ;1928;Nov;4;6;4;29.6;12;2.00E-06;-7.9;0;8.8;(2007 FP3)           1928Nov4
(2009 EH1)           ;1928;Sep;5;2;46;28.8;12.9;1.50E-09;-10.1;0;11.5;(2009 EH1)           1928Sep5
(2014 WA201)         ;1928;Nov;17;6;47;15.3;12.7;0.0002  ;-4.7;0;18.0;(2014 WA201)         1928Nov17
(2016 JA)            ;1928;Apr;27;19;53;46.6;4.4;1.00E-06;-7.9;0;13.0;(2016 JA)            1928Apr27
(2016 WU)            ;1928;Nov;1;15;2;53.5;4.7;2.60E-06;-7.1;0;15.1;(2016 WU)            1928Nov1
(2017 RP16)          ;1928;Mar;8;2;16;16.1;11.6;4.10E-06;-7.1;0;15.8;(2017 RP16)          1928Mar8
(2006 HE2)           ;1929;Sep;26;10;37;4.8;5.3;1.10E-06;-7.3;0;21.5;(2006 HE2)           1929Sep26
(2010 RM80)          ;1929;May;9;19;32;13.7;5.5;1.10E-05;-7.3;0;11.5;(2010 RM80)          1929May9
(2011 UM169)         ;1929;Jun;10;15;5;33.2;12.9;3.30E-05;-4.9;1;43.0;(2011 UM169)         1929Jun10
(2016 JA)            ;1929;Apr;26;6;41;12.3;8.5;1.00E-06;-7.9;0;13.0;(2016 JA)            1929Apr26
(2016 TH)            ;1929;Sep;29;8;22;39.2;10.4;9.30E-06;-7.6;0;5.65;(2016 TH)            1929Sep29
(2017 EA)            ;1929;Aug;1;9;35;58.1;21.5;3.90E-05;-6.8;0;2.95;(2017 EA)            1929Aug1
(2007 TL16)          ;1930;Oct;8;8;13;12.6;12.3;5.10E-06;-6.1;0;24.5;(2007 TL16)          1930Oct8
(2010 TW54)          ;1930;Oct;6;14;14;19.3;6.3;3.20E-05;-6.1;0;13.0;(2010 TW54)          1930Oct6
(2016 JA)            ;1930;May;3;15;7;76.1;13.4;1.00E-06;-7.9;0;13.0;(2016 JA)            1930May3
(2016 TH)            ;1930;Oct;3;3;20;4.4;7.8;9.30E-06;-7.6;0;5.65;(2016 TH)            1930Oct3
(2016 WF7)           ;1930;Nov;19;8;4;13.6;7.6;1.00E-07;-9.3;0;7.3;(2016 WF7)           1930Nov19
101955 Bennu (1999 RQ36);1930;Feb;5;17;26;34.7;4.7;0.00037 ;-2.3;1;390.0;101955 Bennu (1999 RQ36)1930Feb5
(2011 SM173)         ;1931;Oct;19;10;8;2.8;9.7;5.60E-05;-5.5;0;11.65;(2011 SM173)         1931Oct19
(2016 DB)            ;1931;Feb;14;14;48;29.3;11.4;0.5     ;-11;0;8.65;(2016 DB)            1931Feb14
(2016 TH)            ;1931;Oct;4;14;7;12.9;6.4;9.30E-06;-7.6;0;5.65;(2016 TH)            1931Oct4
(2006 UJ185)         ;1932;Mar;26;1;42;12.1;14.6;2.50E-05;-6.4;0;11.5;(2006 UJ185)         1932Mar26
(2007 EV)            ;1932;Mar;18;18;41;23.6;9;8.80E-06;-5.8;1;43.0;(2007 EV)            1932Mar18
(2008 EZ84)          ;1932;Sep;12;4;10;8.9;7.6;0.00019 ;-4.8;0;24.5;(2008 EZ84)          1932Sep12
(2008 HJ)            ;1932;Apr;19;22;22;22.3;9.3;0.00026 ;-4.8;0;29.5;(2008 HJ)            1932Apr19
(2010 GV23)          ;1932;Apr;7;8;30;14.2;4.7;7.30E-07;-8;0;13.0;(2010 GV23)          1932Apr7
(2011 DS)            ;1932;Aug;12;9;9;22.9;8.3;2.70E-05;-6.2;0;18.0;(2011 DS)            1932Aug12
(2012 CU)            ;1932;Oct;21;3;58;2.1;10.8;1.20E-06;-6.9;0;26.0;(2012 CU)            1932Oct21
(2016 DB)            ;1932;Jun;1;19;57;19.8;10.4;0.5     ;-11;0;8.65;(2016 DB)            1932Jun1
(2016 TH)            ;1932;Oct;2;23;30;34.6;4.9;9.30E-06;-7.6;0;5.65;(2016 TH)            1932Oct2
99942 Apophis (2004 MN4);1932;Mar;8;0;45;44.5;4.5;8.90E-06;-2.9;1;495.0;99942 Apophis (2004 MN4)1932Mar8
(2006 JY26)          ;1933;Dec;14;13;48;33.4;5.5;0.007   ;-4.1;0;8.8;(2006 JY26)          1933Dec14
(2007 EV)            ;1933;Sep;17;2;55;35.5;8.2;8.80E-06;-5.8;1;43.0;(2007 EV)            1933Sep17
(2007 FP3)           ;1933;Nov;1;12;52;46.4;13.3;2.00E-06;-7.9;0;8.8;(2007 FP3)           1933Nov1
(2008 EZ84)          ;1933;Sep;21;15;37;71.1;6.9;0.00019 ;-4.8;0;24.5;(2008 EZ84)          1933Sep21
(2016 RD34)          ;1933;Feb;11;2;50;51.6;2.7;0.0062  ;-3.8;0;13.0;(2016 RD34)          1933Feb11
(2005 VN5)           ;1934;Oct;14;14;42;46.9;5;5.00E-05;-5.9;0;17.5;(2005 VN5)           1934Oct14
(2008 DB)            ;1934;Oct;23;7;50;69.3;6.2;3.70E-05;-5;0;31.0;(2008 DB)            1934Oct23
(2010 RM80)          ;1934;Jul;5;6;33;33.6;4.4;1.10E-05;-7.3;0;11.5;(2010 RM80)          1934Jul5
(2014 QF33)          ;1934;Nov;30;12;20;49.6;26.6;1.40E-07;-6.1;1;79.0;(2014 QF33)          1934Nov30
(2014 QN266)         ;1934;Oct;4;19;5;47.9;2.6;2.00E-06;-6.7;0;24.0;(2014 QN266)         1934Oct4
(2014 QN266)         ;1934;Apr;30;20;17;18.9;2.2;2.00E-06;-6.7;0;24.0;(2014 QN266)         1934Apr30
(2015 VO142)         ;1934;Nov;17;23;29;39.9;5.9;6.40E-06;-7.7;0;6.8;(2015 VO142)         1934Nov17
(2002 CB19)          ;1935;Feb;7;21;0;41.4;18.5;0.72    ;-8.7;1;43.0;(2002 CB19)          1935Feb7
(2003 WT153)         ;1935;Oct;7;17;15;11.1;3.5;2.70E-05;-7;0;10.85;(2003 WT153)         1935Oct7
(2004 FH)            ;1935;Mar;24;10;35;19.2;8.5;5.40E-06;-6.6;0;31.0;(2004 FH)            1935Mar24
(2011 DS)            ;1935;Feb;20;18;31;23;8.3;2.70E-05;-6.2;0;18.0;(2011 DS)            1935Feb20
(2011 SM173)         ;1935;Nov;29;20;50;10.5;9.1;5.60E-05;-5.5;0;11.65;(2011 SM173)         1935Nov29
(2014 WZ365)         ;1935;Dec;11;19;17;41.8;14.4;0.28    ;-9.7;0;27.5;(2014 WZ365)         1935Dec11
(2015 DD54)          ;1935;Mar;8;16;21;0.5;6.9;6.10E-06;-6;0;35.5;(2015 DD54)          1935Mar8
(2016 EP84)          ;1935;Mar;10;3;7;60.3;7.3;1.90E-05;-6.4;0;14.4;(2016 EP84)          1935Mar10
(2016 SR2)           ;1935;Jan;2;17;38;58.1;5.2;3.90E-07;-7.6;0;24.5;(2016 SR2)           1935Jan2
(2017 HG4)           ;1935;May;29;15;45;71.2;8.8;3.90E-05;-6.6;0;12.95;(2017 HG4)           1935May29
443104 (2013 XK22)   ;1935;Dec;19;13;14;2.6;6.9;1.40E-06;-5.8;1;59.5;443104 (2013 XK22)   1935Dec19
(2008 DB)            ;1936;Feb;20;1;35;59.8;11.5;3.70E-05;-5;0;31.0;(2008 DB)            1936Feb20
(2014 KS76)          ;1936;May;17;14;28;3.2;7.1;4.40E-07;-7.6;0;20.5;(2014 KS76)          1936May17
(2016 WF7)           ;1936;Feb;20;14;30;38.2;9.6;1.00E-07;-9.3;0;7.3;(2016 WF7)           1936Feb20
101955 Bennu (1999 RQ36);1936;Feb;10;9;7;44.7;8.1;0.00037 ;-2.3;1;390.0;101955 Bennu (1999 RQ36)1936Feb10
(2004 FH)            ;1937;Jan;27;1;15;53.6;11;5.40E-06;-6.6;0;31.0;(2004 FH)            1937Jan27
(2006 JY26)          ;1937;May;11;6;24;27.2;5;0.007   ;-4.1;0;8.8;(2006 JY26)          1937May11
(2014 KS76)          ;1937;Sep;9;17;25;37.6;10.1;4.40E-07;-7.6;0;20.5;(2014 KS76)          1937Sep9
(2014 WZ365)         ;1937;Oct;5;10;43;19.6;9.8;0.28    ;-9.7;0;27.5;(2014 WZ365)         1937Oct5
(2015 YM1)           ;1937;Jun;10;4;1;18;8.1;6.90E-06;-7.2;0;8.8;(2015 YM1)           1937Jun10
(2016 DB)            ;1937;Feb;15;9;49;42.9;12.5;0.5     ;-11;0;8.65;(2016 DB)            1937Feb15
(2016 SK2)           ;1937;Apr;16;12;44;73.9;10.8;2.20E-06;-5.9;1;37.5;(2016 SK2)           1937Apr16
410777 (2009 FD)     ;1937;Mar;26;4;59;9.7;16.6;0.0016  ;-1.8;2;165.0;410777 (2009 FD)     1937Mar26
443104 (2013 XK22)   ;1937;Apr;13;0;44;73;5.5;1.40E-06;-5.8;1;59.5;443104 (2013 XK22)   1937Apr13
(2002 TY59)          ;1938;Mar;11;13;31;17.4;8.9;1.70E-05;-5.5;0;34.0;(2002 TY59)          1938Mar11
(2006 HE2)           ;1938;Apr;17;3;29;40.2;8.1;1.10E-06;-7.3;0;21.5;(2006 HE2)           1938Apr17
(2008 ST)            ;1938;Mar;7;11;29;55.9;4;0.00016 ;-5.5;0;16.5;(2008 ST)            1938Mar7
(2009 WJ6)           ;1938;May;8;18;38;14.9;19;3.00E-07;-7.5;0;14.4;(2009 WJ6)           1938May8
(2012 DW60)          ;1938;Mar;13;3;0;2.8;5.6;0.0001  ;-5.4;0;21.5;(2012 DW60)          1938Mar13
(2015 TC25)          ;1938;Oct;1;1;8;60.6;8.2;8.20E-07;-8.7;0;5.4;(2015 TC25)          1938Oct1
(2016 AF2)           ;1938;Mar;27;17;40;48.8;9.8;2.60E-07;-8.2;0;11.5;(2016 AF2)           1938Mar27
(2016 DB)            ;1938;Jun;2;16;16;12.8;9.7;0.5     ;-11;0;8.65;(2016 DB)            1938Jun2
(2016 FY13)          ;1938;Jun;24;7;8;60.3;17.8;0.12    ;-9.5;1;71.5;(2016 FY13)          1938Jun24
(2016 JB29)          ;1938;Jul;26;20;45;31.8;9;1.70E-07;-6.9;1;49.5;(2016 JB29)          1938Jul26
410777 (2009 FD)     ;1938;Oct;24;20;1;16.4;14.8;0.0016  ;-1.8;2;165.0;410777 (2009 FD)     1938Oct24
443104 (2013 XK22)   ;1938;Jun;26;0;55;62.8;11.2;1.40E-06;-5.8;1;59.5;443104 (2013 XK22)   1938Jun26
(2006 HE2)           ;1939;Oct;7;0;17;70.6;10.4;1.10E-06;-7.3;0;21.5;(2006 HE2)           1939Oct7
(2008 DA4)           ;1939;Nov;15;1;7;55.4;14.6;3.40E-07;-6.4;1;71.5;(2008 DA4)           1939Nov15
(2010 RM80)          ;1939;Sep;2;21;41;6.2;5;1.10E-05;-7.3;0;11.5;(2010 RM80)          1939Sep2
(2011 SM173)         ;1939;Dec;18;7;41;17.5;11.1;5.60E-05;-5.5;0;11.65;(2011 SM173)         1939Dec18
(2012 CU)            ;1939;Oct;14;1;41;26.3;13;1.20E-06;-6.9;0;26.0;(2012 CU)            1939Oct14
(2012 KP24)          ;1939;May;30;1;19;4.3;12.6;3.40E-07;-6.6;0;22.5;(2012 KP24)          1939May30
(2014 QF33)          ;1939;Dec;9;16;41;57.6;19.3;1.40E-07;-6.1;1;79.0;(2014 QF33)          1939Dec9
(2016 CY135)         ;1939;Jun;11;7;26;76.5;12.8;1.40E-06;-6.2;1;54.0;(2016 CY135)         1939Jun11
(2016 WF7)           ;1939;Nov;20;6;44;28.3;8.8;1.00E-07;-9.3;0;7.3;(2016 WF7)           1939Nov20
(2016 WN7)           ;1939;Jan;27;18;31;52.8;5.2;2.60E-06;-7.3;0;11.5;(2016 WN7)           1939Jan27
(2017 RZ15)          ;1939;Sep;4;15;28;16.8;6.6;5.00E-05;-6;0;15.95;(2017 RZ15)          1939Sep4
99942 Apophis (2004 MN4);1939;Dec;18;16;16;23.3;4.8;8.90E-06;-2.9;1;495.0;99942 Apophis (2004 MN4)1939Dec18
(2002 CB19)          ;1940;Aug;11;14;27;11.6;15;0.72    ;-8.7;1;43.0;(2002 CB19)          1940Aug11
(2002 EM7)           ;1940;Mar;8;14;38;30.1;8.2;6.10E-08;-7.3;1;56.5;(2002 EM7)           1940Mar8
(2010 GV23)          ;1940;Apr;18;22;41;26.6;4.2;7.30E-07;-8;0;13.0;(2010 GV23)          1940Apr18
(2014 CR13)          ;1940;Oct;16;22;7;63.5;8.5;9.10E-05;-4.8;0;31.0;(2014 CR13)          1940Oct16
(2015 RN35)          ;1940;Jan;5;12;17;62.9;10.9;4.00E-07;-6.2;1;102.0;(2015 RN35)          1940Jan5
(2016 WY)            ;1940;Dec;23;14;4;54.4;7.5;0.0001  ;-6.6;0;5.65;(2016 WY)            1940Dec23
(2017 OO1)           ;1940;Jan;18;6;56;61.1;11.9;3.50E-08;-7.6;1;53.5;(2017 OO1)           1940Jan18
(2006 BC8)           ;1941;Jul;24;18;58;4.2;13.5;9.50E-06;-5.6;1;41.0;(2006 BC8)           1941Jul24
(2010 CK19)          ;1941;Feb;12;18;51;43.5;8.4;4.40E-06;-7.8;0;11.5;(2010 CK19)          1941Feb12
(2005 VN5)           ;1942;Jul;17;23;4;64.3;11.4;5.00E-05;-5.9;0;17.5;(2005 VN5)           1942Jul17
(2009 RR)            ;1942;Feb;28;3;22;75;18.5;8.30E-06;-6.3;0;34.0;(2009 RR)            1942Feb28
(2010 TW54)          ;1942;Apr;5;8;29;17.5;6.5;3.20E-05;-6.1;0;13.0;(2010 TW54)          1942Apr5
(2017 RZ15)          ;1942;Jan;16;6;28;12.9;7.2;5.00E-05;-6;0;15.95;(2017 RZ15)          1942Jan16
(2005 VN5)           ;1943;Oct;27;23;38;36.7;4.8;5.00E-05;-5.9;0;17.5;(2005 VN5)           1943Oct27
(2009 YR)            ;1943;Sep;18;2;12;13.6;4.1;1.10E-05;-6.9;0;10.85;(2009 YR)            1943Sep18
(2010 RA91)          ;1943;Apr;1;20;44;72.7;15.6;6.70E-08;-6.9;1;94.0;(2010 RA91)          1943Apr1
(2015 KG158)         ;1943;May;13;18;46;6.2;8.2;0.00024 ;-5.4;0;9.4;(2015 KG158)         1943May13
(2016 AF2)           ;1943;Mar;27;23;22;6.4;6.3;2.60E-07;-8.2;0;11.5;(2016 AF2)           1943Mar27
(2016 DB)            ;1943;Feb;16;3;32;42.1;12.4;0.5     ;-11;0;8.65;(2016 DB)            1943Feb16
(2016 RD34)          ;1943;Dec;1;21;31;30.9;1.2;0.0062  ;-3.8;0;13.0;(2016 RD34)          1943Dec1
(2016 RD34)          ;1943;Jul;24;12;9;22.4;2.7;0.0062  ;-3.8;0;13.0;(2016 RD34)          1943Jul24
(2016 TH)            ;1943;Jun;2;20;25;75.6;5.5;9.30E-06;-7.6;0;5.65;(2016 TH)            1943Jun2
(2016 TH)            ;1943;Mar;4;14;42;76.4;6.3;9.30E-06;-7.6;0;5.65;(2016 TH)            1943Mar4
(2007 US51)          ;1944;Jun;26;14;57;6.6;15.3;8.80E-06;-6.4;0;15.85;(2007 US51)          1944Jun26
(2007 VF189)         ;1944;Nov;14;7;22;6.3;11.1;3.60E-08;-9.2;0;9.4;(2007 VF189)         1944Nov14
(2007 WP3)           ;1944;Jun;14;1;51;71.9;16.3;7.70E-06;-5;1;86.5;(2007 WP3)           1944Jun14
(2008 GM2)           ;1944;Oct;6;6;25;4;5;3.80E-05;-7;0;9.4;(2008 GM2)           1944Oct6
(2010 RM80)          ;1944;Aug;25;13;55;16.1;4.3;1.10E-05;-7.3;0;11.5;(2010 RM80)          1944Aug25
(2012 DW60)          ;1944;Feb;28;16;43;73.2;10.7;0.0001  ;-5.4;0;21.5;(2012 DW60)          1944Feb28
(2014 KS76)          ;1944;Jun;8;11;41;46.4;5.3;4.40E-07;-7.6;0;20.5;(2014 KS76)          1944Jun8
(2016 DB)            ;1944;Jun;2;8;10;14.2;9.9;0.5     ;-11;0;8.65;(2016 DB)            1944Jun2
(2016 DK1)           ;1944;Nov;3;21;25;41.1;10.1;0.00019 ;-5.4;0;13.7;(2016 DK1)           1944Nov3
(2016 SR2)           ;1944;Oct;4;10;11;17.6;7.2;3.90E-07;-7.6;0;24.5;(2016 SR2)           1944Oct4
(2016 TH)            ;1944;May;16;21;20;59.5;4.7;9.30E-06;-7.6;0;5.65;(2016 TH)            1944May16
(2016 TH)            ;1944;Mar;25;17;40;61.9;4.5;9.30E-06;-7.6;0;5.65;(2016 TH)            1944Mar25
(2016 WN7)           ;1944;Feb;10;11;56;60.2;7;2.60E-06;-7.3;0;11.5;(2016 WN7)           1944Feb10
(2016 WU)            ;1944;May;11;8;1;67.2;11.5;2.60E-06;-7.1;0;15.1;(2016 WU)            1944May11
(2002 TY59)          ;1945;Oct;9;1;32;58.3;5.1;1.70E-05;-5.5;0;34.0;(2002 TY59)          1945Oct9
(2007 EO88)          ;1945;Sep;21;2;23;1.5;10.9;8.60E-06;-6.5;0;22.5;(2007 EO88)          1945Sep21
(2008 DB)            ;1945;Aug;7;17;11;73.9;12.4;3.70E-05;-5;0;31.0;(2008 DB)            1945Aug7
(2008 GM2)           ;1945;Dec;29;10;44;51.8;4.4;3.80E-05;-7;0;9.4;(2008 GM2)           1945Dec29
(2008 UC202)         ;1945;Oct;13;1;50;46.1;4.1;2.40E-06;-7.7;0;9.4;(2008 UC202)         1945Oct13
(2008 UC202)         ;1945;Apr;12;9;48;53.2;4.7;2.40E-06;-7.7;0;9.4;(2008 UC202)         1945Apr12
(2016 BA15)          ;1945;Jul;19;16;0;10;16.6;1.70E-05;-5.6;0;19.0;(2016 BA15)          1945Jul19
(2016 TH)            ;1945;Apr;28;10;28;36.7;4.7;9.30E-06;-7.6;0;5.65;(2016 TH)            1945Apr28
(2016 WF7)           ;1945;Feb;19;16;19;45;10.1;1.00E-07;-9.3;0;7.3;(2016 WF7)           1945Feb19
(2016 WU)            ;1945;Jul;10;20;57;71.5;5;2.60E-06;-7.1;0;15.1;(2016 WU)            1945Jul10
(2016 WU)            ;1945;Apr;24;22;55;74;4.8;2.60E-06;-7.1;0;15.1;(2016 WU)            1945Apr24
(2002 TY59)          ;1946;Sep;30;17;45;14.2;7.3;1.70E-05;-5.5;0;34.0;(2002 TY59)          1946Sep30
(2004 FH)            ;1946;Mar;2;15;41;16.3;6;5.40E-06;-6.6;0;31.0;(2004 FH)            1946Mar2
(2008 DB)            ;1946;Nov;27;18;12;71.8;6.5;3.70E-05;-5;0;31.0;(2008 DB)            1946Nov27
(2008 GM2)           ;1946;Jun;13;7;43;67.5;4.1;3.80E-05;-7;0;9.4;(2008 GM2)           1946Jun13
(2008 UC202)         ;1946;Apr;29;12;59;4.5;4.1;2.40E-06;-7.7;0;9.4;(2008 UC202)         1946Apr29
(2013 CY)            ;1946;Feb;14;16;34;49.2;6.2;2.20E-06;-8;0;9.4;(2013 CY)            1946Feb14
(2015 DD54)          ;1946;Apr;21;17;21;61.1;11.9;6.10E-06;-6;0;35.5;(2015 DD54)          1946Apr21
(2016 SR2)           ;1946;Mar;27;21;22;33.1;8.3;3.90E-07;-7.6;0;24.5;(2016 SR2)           1946Mar27
(2016 TH)            ;1946;Apr;27;22;33;13;6.5;9.30E-06;-7.6;0;5.65;(2016 TH)            1946Apr27
(2016 WU)            ;1946;Nov;15;23;7;12.2;6.4;2.60E-06;-7.1;0;15.1;(2016 WU)            1946Nov15
(2002 TY59)          ;1947;Oct;4;9;11;27;10.2;1.70E-05;-5.5;0;34.0;(2002 TY59)          1947Oct4
(2006 UJ185)         ;1947;Nov;2;6;3;14.1;14.4;2.50E-05;-6.4;0;11.5;(2006 UJ185)         1947Nov2
(2008 GM2)           ;1947;Apr;3;10;13;10;3.9;3.80E-05;-7;0;9.4;(2008 GM2)           1947Apr3
(2008 UC202)         ;1947;May;3;22;51;23.8;5.1;2.40E-06;-7.7;0;9.4;(2008 UC202)         1947May3
(2014 FX32)          ;1947;Mar;21;14;21;22.4;10.9;1.10E-06;-6.2;1;43.0;(2014 FX32)          1947Mar21
(2014 QN266)         ;1947;Dec;16;20;3;60.6;3.6;2.00E-06;-6.7;0;24.0;(2014 QN266)         1947Dec16
(2015 ET)            ;1947;Mar;20;5;24;51.8;15.7;8.90E-06;-6.5;0;19.5;(2015 ET)            1947Mar20
(2016 TH)            ;1947;Apr;29;16;40;7.7;8;9.30E-06;-7.6;0;5.65;(2016 TH)            1947Apr29
(2017 OO1)           ;1947;Jul;22;0;57;20.7;10.3;3.50E-08;-7.6;1;53.5;(2017 OO1)           1947Jul22
(2002 TY59)          ;1948;Oct;7;22;39;70.3;13.4;1.70E-05;-5.5;0;34.0;(2002 TY59)          1948Oct7
(2006 HE2)           ;1948;Apr;29;16;36;15.6;3.9;1.10E-06;-7.3;0;21.5;(2006 HE2)           1948Apr29
(2006 WM3)           ;1948;Mar;1;14;5;17.3;9.6;5.80E-08;-6.7;1;100.5;(2006 WM3)           1948Mar1
(2008 EA9)           ;1948;Mar;25;16;7;42.2;4.7;2.30E-05;-6.7;0;12.35;(2008 EA9)           1948Mar25
(2008 GM2)           ;1948;Apr;13;2;11;72.1;10;3.80E-05;-7;0;9.4;(2008 GM2)           1948Apr13
(2008 GY21)          ;1948;Sep;19;6;43;44;7.8;2.30E-07;-8.6;0;13.0;(2008 GY21)          1948Sep19
(2008 KT)            ;1948;Jun;2;22;45;75.2;8.5;5.30E-06;-7.5;0;10.05;(2008 KT)            1948Jun2
(2008 UC202)         ;1948;May;7;21;19;57.9;7;2.40E-06;-7.7;0;9.4;(2008 UC202)         1948May7
(2010 GH7)           ;1948;Apr;26;15;25;62.7;9.9;0.00014 ;-5.9;0;15.1;(2010 GH7)           1948Apr26
(2010 GV23)          ;1948;Jun;10;22;2;42.3;4.3;7.30E-07;-8;0;13.0;(2010 GV23)          1948Jun10
(2013 FU13)          ;1948;Feb;8;3;55;20;7.4;6.80E-05;-5.9;0;14.4;(2013 FU13)          1948Feb8
(2014 QN266)         ;1948;Aug;11;9;58;24.6;4.7;2.00E-06;-6.7;0;24.0;(2014 QN266)         1948Aug11
(2016 AF2)           ;1948;Mar;27;18;51;13.2;6.8;2.60E-07;-8.2;0;11.5;(2016 AF2)           1948Mar27
(2016 CY135)         ;1948;Apr;28;22;1;16.8;5.9;1.40E-06;-6.2;1;54.0;(2016 CY135)         1948Apr28
(2016 SK2)           ;1948;Sep;14;17;44;15.6;12.8;2.20E-06;-5.9;1;37.5;(2016 SK2)           1948Sep14
(2016 TH)            ;1948;May;1;21;11;35.9;10.1;9.30E-06;-7.6;0;5.65;(2016 TH)            1948May1
(2016 WF7)           ;1948;Nov;19;18;2;18.5;7.9;1.00E-07;-9.3;0;7.3;(2016 WF7)           1948Nov19
(2003 YS70)          ;1949;Jan;1;2;53;0.7;3.6;1.70E-05;-7.3;0;6.5;(2003 YS70)          1949Jan1
(2008 KT)            ;1949;Jun;7;15;8;30.5;5.2;5.30E-06;-7.5;0;10.05;(2008 KT)            1949Jun7
(2010 RM80)          ;1949;Jul;19;21;40;33.1;4.3;1.10E-05;-7.3;0;11.5;(2010 RM80)          1949Jul19
(2014 WU200)         ;1949;Dec;12;19;20;10.9;2.6;4.80E-06;-7.9;0;6.5;(2014 WU200)         1949Dec12
(2015 KG158)         ;1949;May;15;1;29;16.1;8.9;0.00024 ;-5.4;0;9.4;(2015 KG158)         1949May15
(2016 DB)            ;1949;Feb;15;9;37;35.6;11.9;0.5     ;-11;0;8.65;(2016 DB)            1949Feb15
(2016 TH)            ;1949;May;5;12;30;66;12.4;9.30E-06;-7.6;0;5.65;(2016 TH)            1949May5
(2017 FB1)           ;1949;Feb;26;1;41;28.2;20.2;4.10E-07;-5.8;1;88.0;(2017 FB1)           1949Feb26
(2017 HG4)           ;1949;Apr;14;0;56;11.6;4.2;3.90E-05;-6.6;0;12.95;(2017 HG4)           1949Apr14
99942 Apophis (2004 MN4);1949;Apr;14;11;30;10.9;6.7;8.90E-06;-2.9;1;495.0;99942 Apophis (2004 MN4)1949Apr14
(2006 BC8)           ;1950;Jan;25;16;54;23.6;15;9.50E-06;-5.6;1;41.0;(2006 BC8)           1950Jan25
(2007 EV)            ;1950;Oct;1;3;22;71.9;15.8;8.80E-06;-5.8;1;43.0;(2007 EV)            1950Oct1
(2008 KT)            ;1950;Jun;10;0;24;10.7;2.4;5.30E-06;-7.5;0;10.05;(2008 KT)            1950Jun10
(2009 JF1)           ;1950;May;11;5;5;41.9;20.8;0.00026 ;-3.3;0;16.5;(2009 JF1)           1950May11
(2011 TO)            ;1950;Oct;4;1;24;71.5;14.1;6.00E-06;-5.9;0;24.0;(2011 TO)            1950Oct4
(2016 DB)            ;1950;Jun;2;14;16;21.1;10.6;0.5     ;-11;0;8.65;(2016 DB)            1950Jun2
(2017 LD)            ;1950;Jul;16;12;54;3.2;4.8;0.002   ;-4.8;0;13.15;(2017 LD)            1950Jul16
29075 (1950 DA)      ;1950;Mar;12;23;36;23.1;13;0.00012 ;-1.4;1;1650.0;29075 (1950 DA)      1950Mar12
(2002 CB19)          ;1951;Feb;10;14;5;65.3;20.2;0.72    ;-8.7;1;43.0;(2002 CB19)          1951Feb10
(2003 YS70)          ;1951;Nov;26;11;36;43.6;7;1.70E-05;-7.3;0;6.5;(2003 YS70)          1951Nov26
(2005 VN5)           ;1951;Jul;17;18;24;60;11.1;5.00E-05;-5.9;0;17.5;(2005 VN5)           1951Jul17
(2008 ST)            ;1951;May;25;18;52;12.4;3.8;0.00016 ;-5.5;0;16.5;(2008 ST)            1951May25
(2011 TO)            ;1951;Oct;25;20;22;68.2;6.1;6.00E-06;-5.9;0;24.0;(2011 TO)            1951Oct25
(2014 CR13)          ;1951;Sep;21;8;6;43.6;14.2;9.10E-05;-4.8;0;31.0;(2014 CR13)          1951Sep21
(2014 WU200)         ;1951;May;9;3;10;53.8;5.8;4.80E-06;-7.9;0;6.5;(2014 WU200)         1951May9
(2016 EM156)         ;1951;Jun;4;21;47;57.1;13.5;5.70E-05;-6.1;0;11.5;(2016 EM156)         1951Jun4
(2005 VN5)           ;1952;Oct;29;17;25;34.4;4.7;5.00E-05;-5.9;0;17.5;(2005 VN5)           1952Oct29
(2008 KT)            ;1952;Nov;29;10;38;7.9;2.5;5.30E-06;-7.5;0;10.05;(2008 KT)            1952Nov29
(2008 ST)            ;1952;Sep;25;12;17;55;7.4;0.00016 ;-5.5;0;16.5;(2008 ST)            1952Sep25
(2014 KS76)          ;1952;Jul;4;12;30;61.2;5.9;4.40E-07;-7.6;0;20.5;(2014 KS76)          1952Jul4
(2007 WP3)           ;1953;Jun;21;9;41;51.2;12.7;7.70E-06;-5;1;86.5;(2007 WP3)           1953Jun21
(2008 HJ)            ;1953;Jul;8;8;23;7.2;8;0.00026 ;-4.8;0;29.5;(2008 HJ)            1953Jul8
(2008 KT)            ;1953;Dec;5;1;52;27.3;5;5.30E-06;-7.5;0;10.05;(2008 KT)            1953Dec5
(2012 XM16)          ;1953;Dec;10;5;6;24.7;14.7;2.40E-06;-6.2;0;28.5;(2012 XM16)          1953Dec10
(2013 RZ53)          ;1953;Oct;31;0;51;15.4;1.2;1.40E-05;-8.7;0;2.6;(2013 RZ53)          1953Oct31
(2016 AF2)           ;1953;Mar;27;7;34;49.9;9.8;2.60E-07;-8.2;0;11.5;(2016 AF2)           1953Mar27
(2016 JA6)           ;1953;May;2;8;35;1.1;11.4;2.70E-06;-6.5;0;24.0;(2016 JA6)           1953May2
443104 (2013 XK22)   ;1953;Jan;19;6;7;55.7;4.7;1.40E-06;-5.8;1;59.5;443104 (2013 XK22)   1953Jan19
(2006 SC)            ;1954;Mar;5;15;56;11.3;12.9;6.40E-06;-5.2;1;41.0;(2006 SC)            1954Mar5
(2007 HB15)          ;1954;Aug;13;14;7;47;10;0.00051 ;-4.9;0;12.35;(2007 HB15)          1954Aug13
(2008 KT)            ;1954;Dec;10;0;3;67.9;8.1;5.30E-06;-7.5;0;10.05;(2008 KT)            1954Dec10
(2009 YR)            ;1954;Jan;1;17;18;31.6;5.7;1.10E-05;-6.9;0;10.85;(2009 YR)            1954Jan1
(2010 RM80)          ;1954;Jun;10;12;29;31;4.2;1.10E-05;-7.3;0;11.5;(2010 RM80)          1954Jun10
(2011 BL45)          ;1954;Aug;16;2;47;15;2.4;0.00059 ;-4.7;0;17.5;(2011 BL45)          1954Aug16
(2011 TO)            ;1954;Feb;4;10;20;40;11.6;6.00E-06;-5.9;0;24.0;(2011 TO)            1954Feb4
(2013 RZ53)          ;1954;Mar;13;2;32;0.3;3;1.40E-05;-8.7;0;2.6;(2013 RZ53)          1954Mar13
(2016 WF7)           ;1954;Feb;20;1;3;48.4;10.4;1.00E-07;-9.3;0;7.3;(2016 WF7)           1954Feb20
443104 (2013 XK22)   ;1954;Jun;13;21;1;34.7;4.8;1.40E-06;-5.8;1;59.5;443104 (2013 XK22)   1954Jun13
(2004 FH)            ;1955;Mar;25;1;30;54.5;11.5;5.40E-06;-6.6;0;31.0;(2004 FH)            1955Mar25
(2006 SC)            ;1955;Sep;15;3;54;11.2;13;6.40E-06;-5.2;1;41.0;(2006 SC)            1955Sep15
(2010 VW194)         ;1955;Aug;31;10;23;68.9;12.8;7.10E-05;-5.7;0;21.5;(2010 VW194)         1955Aug31
(2011 FQ6)           ;1955;Mar;30;8;53;69.2;15.7;6.50E-05;-5.8;0;12.35;(2011 FQ6)           1955Mar30
(2013 RZ53)          ;1955;Mar;9;18;9;21.7;2.9;1.40E-05;-8.7;0;2.6;(2013 RZ53)          1955Mar9
(2015 KG158)         ;1955;May;21;23;38;59.6;12.2;0.00024 ;-5.4;0;9.4;(2015 KG158)         1955May21
(2015 TC25)          ;1955;Feb;22;12;30;77.4;9.5;8.20E-07;-8.7;0;5.4;(2015 TC25)          1955Feb22
(2015 XH55)          ;1955;May;20;11;5;66.9;12;8.20E-07;-8.6;0;5.95;(2015 XH55)          1955May20
(2016 DB)            ;1955;Feb;15;4;15;20.6;10.7;0.5     ;-11;0;8.65;(2016 DB)            1955Feb15
(2016 RD34)          ;1955;Feb;13;11;59;48.9;2.6;0.0062  ;-3.8;0;13.0;(2016 RD34)          1955Feb13
(2016 SR2)           ;1955;Dec;11;6;40;55.8;5.1;3.90E-07;-7.6;0;24.5;(2016 SR2)           1955Dec11
(2016 SR2)           ;1955;Sep;2;19;33;73.6;4;3.90E-07;-7.6;0;24.5;(2016 SR2)           1955Sep2
(2017 LD)            ;1955;Aug;1;9;58;25.6;6.7;0.002   ;-4.8;0;13.15;(2017 LD)            1955Aug1
(2017 OO1)           ;1955;Jul;20;23;40;40.1;10.3;3.50E-08;-7.6;1;53.5;(2017 OO1)           1955Jul20
(2002 CB19)          ;1956;Aug;18;23;28;56.5;12.4;0.72    ;-8.7;1;43.0;(2002 CB19)          1956Aug18
(2006 BC8)           ;1956;Jul;31;11;37;35.9;10.6;9.50E-06;-5.6;1;41.0;(2006 BC8)           1956Jul31
(2007 YS56)          ;1956;Dec;24;19;41;1.4;9.2;4.20E-06;-6.4;0;31.0;(2007 YS56)          1956Dec24
(2008 YC3)           ;1956;Dec;24;14;57;67.8;9;5.80E-08;-7.8;0;37.5;(2008 YC3)           1956Dec24
(2010 GV23)          ;1956;Jul;25;4;42;23.1;5.6;7.30E-07;-8;0;13.0;(2010 GV23)          1956Jul25
(2011 EB74)          ;1956;Mar;15;1;11;21.5;6.6;0.00033 ;-5.5;0;18.0;(2011 EB74)          1956Mar15
(2013 RZ53)          ;1956;Mar;12;17;30;57.8;5.6;1.40E-05;-8.7;0;2.6;(2013 RZ53)          1956Mar12
(2014 QF33)          ;1956;Aug;12;9;35;38.6;20.4;1.40E-07;-6.1;1;79.0;(2014 QF33)          1956Aug12
(2015 YJ)            ;1956;May;20;4;53;41.1;13.2;0.0016  ;-4.4;0;10.05;(2015 YJ)            1956May20
(2016 DB)            ;1956;Jun;1;13;4;34.1;11.7;0.5     ;-11;0;8.65;(2016 DB)            1956Jun1
(2004 FH)            ;1957;Jan;28;15;41;23.7;8;5.40E-06;-6.6;0;31.0;(2004 FH)            1957Jan28
(2007 EV)            ;1957;Mar;19;9;18;25.7;8.8;8.80E-06;-5.8;1;43.0;(2007 EV)            1957Mar19
(2008 DB)            ;1957;Aug;15;0;22;17.3;8.2;3.70E-05;-5;0;31.0;(2008 DB)            1957Aug15
(2008 EA9)           ;1957;Dec;11;4;32;72.1;7;2.30E-05;-6.7;0;12.35;(2008 EA9)           1957Dec11
(2008 YC3)           ;1957;Dec;25;6;25;21.9;6.9;5.80E-08;-7.8;0;37.5;(2008 YC3)           1957Dec25
(2014 JR24)          ;1957;Apr;21;23;57;42.2;7;0.0012  ;-5.3;0;5.95;(2014 JR24)          1957Apr21
(2016 CY135)         ;1957;Feb;17;15;12;61.2;11.7;1.40E-06;-6.2;1;54.0;(2016 CY135)         1957Feb17
(2016 WF7)           ;1957;Nov;20;3;0;22.6;8.3;1.00E-07;-9.3;0;7.3;(2016 WF7)           1957Nov20
99942 Apophis (2004 MN4);1957;Apr;1;3;32;29.3;4.3;8.90E-06;-2.9;1;495.0;99942 Apophis (2004 MN4)1957Apr1
(2002 EM7)           ;1958;Mar;9;2;27;30.2;8.1;6.10E-08;-7.3;1;56.5;(2002 EM7)           1958Mar9
(2007 EV)            ;1958;Sep;17;20;34;32.5;8.4;8.80E-06;-5.8;1;43.0;(2007 EV)            1958Sep17
(2007 VF189)         ;1958;Apr;29;15;8;37.2;8.8;3.60E-08;-9.2;0;9.4;(2007 VF189)         1958Apr29
(2008 YC3)           ;1958;Dec;24;1;15;22.7;6.3;5.80E-08;-7.8;0;37.5;(2008 YC3)           1958Dec24
(2008 YC3)           ;1958;Jun;17;21;14;63;7.1;5.80E-08;-7.8;0;37.5;(2008 YC3)           1958Jun17
(2014 KC45)          ;1958;May;12;23;2;55.5;13.2;1.20E-05;-7.7;0;5.95;(2014 KC45)          1958May12
(2015 VO142)         ;1958;Aug;4;12;36;67.8;3.7;6.40E-06;-7.7;0;6.8;(2015 VO142)         1958Aug4
(2015 YC2)           ;1958;Mar;19;21;20;58.2;11.9;0.29    ;-8.4;1;94.0;(2015 YC2)           1958Mar19
(2016 JY5)           ;1958;Nov;6;14;57;77.6;11.9;1.90E-08;-9.3;0;16.5;(2016 JY5)           1958Nov6
(2016 SU2)           ;1958;Sep;24;22;32;5.4;12.4;4.40E-06;-7.3;0;13.0;(2016 SU2)           1958Sep24
(2017 RZ15)          ;1958;Jan;16;7;56;12.2;7.3;5.00E-05;-6;0;15.95;(2017 RZ15)          1958Jan16
(2008 DB)            ;1959;Jan;6;2;11;54.9;5;3.70E-05;-5;0;31.0;(2008 DB)            1959Jan6
(2008 YC3)           ;1959;Dec;20;13;21;64;7.2;5.80E-08;-7.8;0;37.5;(2008 YC3)           1959Dec20
(2008 YC3)           ;1959;Jun;21;21;15;21;6.2;5.80E-08;-7.8;0;37.5;(2008 YC3)           1959Jun21
(2010 RM80)          ;1959;May;10;9;6;14.7;4.9;1.10E-05;-7.3;0;11.5;(2010 RM80)          1959May10
(2014 FX32)          ;1959;Jan;28;9;54;29.5;7.8;1.10E-06;-6.2;1;43.0;(2014 FX32)          1959Jan28
(2015 VO142)         ;1959;Apr;15;9;15;69.6;8.1;6.40E-06;-7.7;0;6.8;(2015 VO142)         1959Apr15
(2016 EV84)          ;1959;Mar;5;5;24;75.9;10.9;2.80E-06;-6.8;0;19.0;(2016 EV84)          1959Mar5
(2016 JA6)           ;1959;Nov;6;14;9;8.2;11.7;2.70E-06;-6.5;0;24.0;(2016 JA6)           1959Nov6
(2017 HZ4)           ;1959;May;29;18;13;40.4;9;1.60E-05;-5.6;0;29.0;(2017 HZ4)           1959May29
(2001 BA16)          ;1960;Jan;17;7;24;1.9;4.9;9.90E-06;-5.3;0;27.5;(2001 BA16)          1960Jan17
(2005 VN5)           ;1960;Jul;17;8;12;66.1;11.6;5.00E-05;-5.9;0;17.5;(2005 VN5)           1960Jul17
(2008 YC3)           ;1960;Jun;24;16;54;19.8;6.7;5.80E-08;-7.8;0;37.5;(2008 YC3)           1960Jun24
(2009 HC)            ;1960;Oct;24;0;54;35.1;6.2;2.90E-06;-6.2;1;49.5;(2009 HC)            1960Oct24
(2014 KC45)          ;1960;Aug;21;8;34;7.3;8.7;1.20E-05;-7.7;0;5.95;(2014 KC45)          1960Aug21
(2014 KS76)          ;1960;Aug;13;9;21;50.7;5.5;4.40E-07;-7.6;0;20.5;(2014 KS76)          1960Aug13
(2016 JY5)           ;1960;Apr;30;14;47;7.7;6.8;1.90E-08;-9.3;0;16.5;(2016 JY5)           1960Apr30
(2016 SU2)           ;1960;Jan;5;19;7;42.4;10.3;4.40E-06;-7.3;0;13.0;(2016 SU2)           1960Jan5
(2017 LD)            ;1960;Aug;13;8;49;77.3;10.8;0.002   ;-4.8;0;13.15;(2017 LD)            1960Aug13
(2017 OE7)           ;1960;Sep;25;14;30;47;8.2;2.90E-05;-5.7;0;24.0;(2017 OE7)           1960Sep25
(2005 VN5)           ;1961;Oct;29;1;18;34.4;4.7;5.00E-05;-5.9;0;17.5;(2005 VN5)           1961Oct29
(2007 UN12)          ;1961;Oct;20;13;28;18.1;2;0.00025 ;-6.7;0;7.9;(2007 UN12)          1961Oct20
(2007 UN12)          ;1961;Apr;19;23;6;2.7;1.8;0.00025 ;-6.7;0;7.9;(2007 UN12)          1961Apr19
(2008 YC3)           ;1961;Jun;29;10;44;65.9;8.7;5.80E-08;-7.8;0;37.5;(2008 YC3)           1961Jun29
(2014 QF33)          ;1961;Aug;21;19;54;54.2;27.5;1.40E-07;-6.1;1;79.0;(2014 QF33)          1961Aug21
(2014 QN266)         ;1961;Jul;18;20;12;13.3;2.1;2.00E-06;-6.7;0;24.0;(2014 QN266)         1961Jul18
(2014 QN266)         ;1961;Jan;15;4;11;51.6;3;2.00E-06;-6.7;0;24.0;(2014 QN266)         1961Jan15
(2015 YJ)            ;1961;Dec;16;14;9;30.4;18.7;0.0016  ;-4.4;0;10.05;(2015 YJ)            1961Dec16
(2016 DB)            ;1961;Feb;14;11;31;6.6;9.6;0.5     ;-11;0;8.65;(2016 DB)            1961Feb14
(2016 JA6)           ;1961;May;9;10;16;57;14.6;2.70E-06;-6.5;0;24.0;(2016 JA6)           1961May9
(2007 UN12)          ;1962;Mar;17;2;2;24.4;2.4;0.00025 ;-6.7;0;7.9;(2007 UN12)          1962Mar17
(2007 WP3)           ;1962;Jul;2;7;49;69.6;9.2;7.70E-06;-5;1;86.5;(2007 WP3)           1962Jul2
(2013 GA55)          ;1962;Dec;22;6;20;31.5;11.9;4.50E-05;-6.1;0;13.0;(2013 GA55)          1962Dec22
(2015 RN35)          ;1962;Nov;5;15;49;9.5;5.2;4.00E-07;-6.2;1;102.0;(2015 RN35)          1962Nov5
(2016 DB)            ;1962;Jun;2;4;57;42;12.3;0.5     ;-11;0;8.65;(2016 DB)            1962Jun2
(2016 NL39)          ;1962;Jul;30;17;36;63.4;9.1;0.00033 ;-5.8;0;13.0;(2016 NL39)          1962Jul30
(2007 EO88)          ;1963;Mar;23;5;53;30.9;8.7;8.60E-06;-6.5;0;22.5;(2007 EO88)          1963Mar23
(2010 GV23)          ;1963;Apr;7;13;23;72;11;7.30E-07;-8;0;13.0;(2010 GV23)          1963Apr7
(2010 JL88)          ;1963;Nov;4;20;27;7.8;14.2;5.70E-05;-5.9;0;19.0;(2010 JL88)          1963Nov4
(2011 DS)            ;1963;Aug;10;8;2;48.8;10.3;2.70E-05;-6.2;0;18.0;(2011 DS)            1963Aug10
(2012 DW60)          ;1963;Jul;30;12;57;56.6;8.8;0.0001  ;-5.4;0;21.5;(2012 DW60)          1963Jul30
(2014 JR24)          ;1963;Aug;8;20;14;9.8;3.6;0.0012  ;-5.3;0;5.95;(2014 JR24)          1963Aug8
(2014 QF33)          ;1963;Nov;27;23;51;74.3;28.8;1.40E-07;-6.1;1;79.0;(2014 QF33)          1963Nov27
(2016 EV84)          ;1963;Mar;6;11;10;42.5;8.9;2.80E-06;-6.8;0;19.0;(2016 EV84)          1963Mar6
(2016 JA)            ;1963;Sep;25;22;11;69.5;12.8;1.00E-06;-7.9;0;13.0;(2016 JA)            1963Sep25
(2016 WF7)           ;1963;Feb;21;4;24;37.3;9.5;1.00E-07;-9.3;0;7.3;(2016 WF7)           1963Feb21
(2016 WU)            ;1963;May;21;8;48;28.5;5.5;2.60E-06;-7.1;0;15.1;(2016 WU)            1963May21
(2010 GV23)          ;1964;Jul;24;3;26;49;8.7;7.30E-07;-8;0;13.0;(2010 GV23)          1964Jul24
(2010 RM80)          ;1964;Apr;30;11;57;27.9;7.2;1.10E-05;-7.3;0;11.5;(2010 RM80)          1964Apr30
(2011 DS)            ;1964;Nov;4;22;34;70.7;6.6;2.70E-05;-6.2;0;18.0;(2011 DS)            1964Nov4
(2012 PB20)          ;1964;Feb;12;11;12;1.6;4.1;2.80E-06;-6.6;1;45.0;(2012 PB20)          1964Feb12
(2014 EU)            ;1964;Nov;26;21;56;8.5;6.3;1.60E-05;-6.6;0;12.35;(2014 EU)            1964Nov26
(2016 JA)            ;1964;Oct;1;2;1;15.9;8.7;1.00E-06;-7.9;0;13.0;(2016 JA)            1964Oct1
(2016 VB1)           ;1964;Nov;21;7;17;28.2;7.8;0.0011  ;-5.6;0;8.05;(2016 VB1)           1964Nov21
(2016 WU)            ;1964;Nov;26;12;25;66.8;4.5;2.60E-06;-7.1;0;15.1;(2016 WU)            1964Nov26
(2016 WU)            ;1964;Oct;9;7;58;64.4;4.9;2.60E-06;-7.1;0;15.1;(2016 WU)            1964Oct9
(2017 NT5)           ;1964;Jan;13;14;41;21.5;21.8;5.80E-07;-5.7;1;115.0;(2017 NT5)           1964Jan13
101955 Bennu (1999 RQ36);1964;Sep;16;5;42;32.5;8.2;0.00037 ;-2.3;1;390.0;101955 Bennu (1999 RQ36)1964Sep16
99942 Apophis (2004 MN4);1964;Oct;24;21;38;73;5.2;8.90E-06;-2.9;1;495.0;99942 Apophis (2004 MN4)1964Oct24
(2007 EV)            ;1965;Mar;6;14;2;76.9;16.2;8.80E-06;-5.8;1;43.0;(2007 EV)            1965Mar6
(2007 VF189)         ;1965;Nov;16;0;17;14.4;10.5;3.60E-08;-9.2;0;9.4;(2007 VF189)         1965Nov16
(2008 ST)            ;1965;May;27;12;11;39.7;6.1;0.00016 ;-5.5;0;16.5;(2008 ST)            1965May27
(2012 PB20)          ;1965;Jul;28;3;59;25.5;5.1;2.80E-06;-6.6;1;45.0;(2012 PB20)          1965Jul28
(2012 VS76)          ;1965;Nov;17;2;34;37.8;8.7;1.80E-05;-6.2;0;18.0;(2012 VS76)          1965Nov17
(2013 GA55)          ;1965;Apr;10;5;46;22.5;11.1;4.50E-05;-6.1;0;13.0;(2013 GA55)          1965Apr10
(2016 CG18)          ;1965;Jul;14;10;34;19;4;8.80E-05;-6.4;0;8.65;(2016 CG18)          1965Jul14
(2016 EP84)          ;1965;Dec;17;6;51;27.6;4.7;1.90E-05;-6.4;0;14.4;(2016 EP84)          1965Dec17
(2016 JA)            ;1965;Oct;4;3;10;33.4;5;1.00E-06;-7.9;0;13.0;(2016 JA)            1965Oct4
(2016 SR2)           ;1965;Sep;27;14;39;71;11.2;3.90E-07;-7.6;0;24.5;(2016 SR2)           1965Sep27
(2016 TY55)          ;1965;Apr;6;2;49;6.3;4.7;0.00011 ;-5.2;0;18.0;(2016 TY55)          1965Apr6
(2016 WU)            ;1965;Nov;25;11;0;76;12.3;2.60E-06;-7.1;0;15.1;(2016 WU)            1965Nov25
99942 Apophis (2004 MN4);1965;Feb;11;12;23;49;4.7;8.90E-06;-2.9;1;495.0;99942 Apophis (2004 MN4)1965Feb11
(2004 FH)            ;1966;Mar;15;23;57;6.2;6.5;5.40E-06;-6.6;0;31.0;(2004 FH)            1966Mar15
(2006 UJ185)         ;1966;Mar;19;16;57;39.4;12.5;2.50E-05;-6.4;0;11.5;(2006 UJ185)         1966Mar19
(2007 YS56)          ;1966;Dec;26;21;21;30.9;11.5;4.20E-06;-6.4;0;31.0;(2007 YS56)          1966Dec26
(2008 CT1)           ;1966;Jan;31;10;39;59.2;18.6;6.10E-05;-6.2;0;12.35;(2008 CT1)           1966Jan31
(2008 ST)            ;1966;Sep;28;20;39;24;5;0.00016 ;-5.5;0;16.5;(2008 ST)            1966Sep28
(2009 WR52)          ;1966;May;20;13;42;2.1;5.6;8.40E-05;-6.3;0;9.4;(2009 WR52)          1966May20
(2011 DS)            ;1966;Feb;18;17;25;9.4;7.3;2.70E-05;-6.2;0;18.0;(2011 DS)            1966Feb18
(2012 VS76)          ;1966;Nov;15;20;7;7.8;12.1;1.80E-05;-6.2;0;18.0;(2012 VS76)          1966Nov15
(2015 EG)            ;1966;Mar;20;18;2;47.4;7.3;1.30E-07;-7.6;0;31.0;(2015 EG)            1966Mar20
(2015 TG24)          ;1966;Aug;21;16;24;45.5;13.2;1.60E-05;-6.8;0;19.5;(2015 TG24)          1966Aug21
(2016 JA)            ;1966;Nov;24;1;49;73.7;6.2;1.00E-06;-7.9;0;13.0;(2016 JA)            1966Nov24
(2016 JA)            ;1966;Sep;2;6;18;73.8;5.3;1.00E-06;-7.9;0;13.0;(2016 JA)            1966Sep2
(2016 RD34)          ;1966;Oct;12;11;36;52.2;5.1;0.0062  ;-3.8;0;13.0;(2016 RD34)          1966Oct12
(2016 RD34)          ;1966;Apr;18;23;29;41.9;2.1;0.0062  ;-3.8;0;13.0;(2016 RD34)          1966Apr18
(2016 WF7)           ;1966;Nov;20;22;46;37.9;9.5;1.00E-07;-9.3;0;7.3;(2016 WF7)           1966Nov20
(2017 BK30)          ;1966;Jan;19;6;38;74.8;15.2;9.00E-07;-7.5;0;15.1;(2017 BK30)          1966Jan19
(2017 SS12)          ;1966;Apr;10;4;55;9.4;10.8;1.70E-06;-7.4;0;16.0;(2017 SS12)          1966Apr10
410777 (2009 FD)     ;1966;Mar;28;11;21;7.9;15.3;0.0016  ;-1.8;2;165.0;410777 (2009 FD)     1966Mar28
(2002 EM7)           ;1967;Mar;17;10;30;54.6;7.2;6.10E-08;-7.3;1;56.5;(2002 EM7)           1967Mar17
(2006 HE2)           ;1967;Apr;14;6;15;62.5;9.8;1.10E-06;-7.3;0;21.5;(2006 HE2)           1967Apr14
(2011 FQ6)           ;1967;Aug;13;20;6;59.7;6.5;6.50E-05;-5.8;0;12.35;(2011 FQ6)           1967Aug13
(2012 VS76)          ;1967;Nov;11;8;40;59;16.1;1.80E-05;-6.2;0;18.0;(2012 VS76)          1967Nov11
(2014 KS76)          ;1967;May;18;18;8;13.9;8.3;4.40E-07;-7.6;0;20.5;(2014 KS76)          1967May18
(2014 WE6)           ;1967;May;5;11;25;66.8;9.5;4.70E-05;-7.6;0;3.55;(2014 WE6)           1967May5
(2015 YM1)           ;1967;Jun;5;19;27;60;11.2;6.90E-06;-7.2;0;8.8;(2015 YM1)           1967Jun5
(2016 DB)            ;1967;Feb;16;1;24;29.9;11.5;0.5     ;-11;0;8.65;(2016 DB)            1967Feb16
(2016 EV84)          ;1967;Mar;9;2;13;17.7;7.8;2.80E-06;-6.8;0;19.0;(2016 EV84)          1967Mar9
(2016 JA6)           ;1967;Nov;9;14;5;26.6;10.1;2.70E-06;-6.5;0;24.0;(2016 JA6)           1967Nov9
(2016 SR2)           ;1967;Mar;20;8;50;18.8;4.7;3.90E-07;-7.6;0;24.5;(2016 SR2)           1967Mar20
(2017 FW90)          ;1967;Sep;27;3;44;18.5;5.5;7.40E-06;-7.4;0;10.1;(2017 FW90)          1967Sep27
410777 (2009 FD)     ;1967;Oct;27;12;30;10.8;16.4;0.0016  ;-1.8;2;165.0;410777 (2009 FD)     1967Oct27
(2002 EM7)           ;1968;Jun;12;13;25;74.7;7.4;6.10E-08;-7.3;1;56.5;(2002 EM7)           1968Jun12
(2005 TA)            ;1968;Sep;25;3;27;15;6;2.00E-05;-6.7;0;15.85;(2005 TA)            1968Sep25
(2006 HE2)           ;1968;Oct;3;7;58;52.8;9;1.10E-06;-7.3;0;21.5;(2006 HE2)           1968Oct3
(2006 WZ184)         ;1968;Aug;7;23;2;30.5;9.6;9.30E-06;-6.7;0;24.0;(2006 WZ184)         1968Aug7
(2008 EZ84)          ;1968;Sep;5;0;46;51.6;10.4;0.00019 ;-4.8;0;24.5;(2008 EZ84)          1968Sep5
(2009 WR52)          ;1968;Nov;20;4;20;30.5;7.7;8.40E-05;-6.3;0;9.4;(2009 WR52)          1968Nov20
(2009 WR52)          ;1968;Jan;9;14;26;72.4;4.5;8.40E-05;-6.3;0;9.4;(2009 WR52)          1968Jan9
(2010 JL88)          ;1968;Nov;10;4;15;32;17.3;5.70E-05;-5.9;0;19.0;(2010 JL88)          1968Nov10
(2011 FQ6)           ;1968;Aug;11;22;38;28.1;9.4;6.50E-05;-5.8;0;12.35;(2011 FQ6)           1968Aug11
(2013 VW13)          ;1968;May;21;1;37;56.9;20.6;0.00043 ;-4.1;0;24.5;(2013 VW13)          1968May21
(2014 KS76)          ;1968;Sep;11;2;16;21.1;8.8;4.40E-07;-7.6;0;20.5;(2014 KS76)          1968Sep11
(2014 QF33)          ;1968;Dec;6;22;13;34.6;21.3;1.40E-07;-6.1;1;79.0;(2014 QF33)          1968Dec6
(2014 WE6)           ;1968;May;8;15;21;29.5;6.7;4.70E-05;-7.6;0;3.55;(2014 WE6)           1968May8
(2014 XM7)           ;1968;Dec;17;16;55;26.6;13.1;3.80E-08;-6.7;1;115.0;(2014 XM7)           1968Dec17
(2015 XA378)         ;1968;Dec;16;10;26;2.8;18.2;4.90E-05;-4.8;1;28.5;(2015 XA378)         1968Dec16
(2016 DB)            ;1968;Jun;3;8;35;19.4;10.4;0.5     ;-11;0;8.65;(2016 DB)            1968Jun3
(2017 RV2)           ;1968;Jul;5;9;55;9.4;7.2;0.00011 ;-5.7;0;24.5;(2017 RV2)           1968Jul5
443104 (2013 XK22)   ;1968;Dec;11;5;2;56.6;11;1.40E-06;-5.8;1;59.5;443104 (2013 XK22)   1968Dec11
(2005 VN5)           ;1969;Jul;14;10;49;14.7;7;5.00E-05;-5.9;0;17.5;(2005 VN5)           1969Jul14
(2007 YS56)          ;1969;Apr;24;21;14;75.2;14.1;4.20E-06;-6.4;0;31.0;(2007 YS56)          1969Apr24
(2008 DB)            ;1969;Aug;14;11;33;20.6;8.5;3.70E-05;-5;0;31.0;(2008 DB)            1969Aug14
(2008 EA9)           ;1969;Mar;18;18;38;18.3;2.8;2.30E-05;-6.7;0;12.35;(2008 EA9)           1969Mar18
(2008 EX5)           ;1969;Oct;4;15;3;16.4;11.2;4.70E-05;-4.2;1;73.0;(2008 EX5)           1969Oct4
(2008 EZ84)          ;1969;Sep;13;7;40;14.7;7.4;0.00019 ;-4.8;0;24.5;(2008 EZ84)          1969Sep13
(2010 RM80)          ;1969;Apr;23;3;0;75.2;10.9;1.10E-05;-7.3;0;11.5;(2010 RM80)          1969Apr23
(2012 DW60)          ;1969;Jul;17;15;0;32.1;3.9;0.0001  ;-5.4;0;21.5;(2012 DW60)          1969Jul17
(2014 UX34)          ;1969;Apr;8;14;55;63;29.9;1.30E-08;-6.4;2;158.5;(2014 UX34)          1969Apr8
(2014 WE6)           ;1969;May;12;9;37;4.4;4.2;4.70E-05;-7.6;0;3.55;(2014 WE6)           1969May12
(2015 TC25)          ;1969;Oct;7;3;41;19.6;5;8.20E-07;-8.7;0;5.4;(2015 TC25)          1969Oct7
(2016 EO28)          ;1969;Mar;10;2;55;42.2;10.2;0.00059 ;-4.9;0;6.2;(2016 EO28)          1969Mar10
(2016 FZ13)          ;1969;Mar;24;5;2;5.8;4;2.00E-05;-7.1;0;9.4;(2016 FZ13)          1969Mar24
(2016 WY)            ;1969;Nov;1;4;11;58.1;8;0.0001  ;-6.6;0;5.65;(2016 WY)            1969Nov1
(2005 VN5)           ;1970;Nov;11;18;2;24.4;8.4;5.00E-05;-5.9;0;17.5;(2005 VN5)           1970Nov11
(2006 JY26)          ;1970;Dec;16;19;59;59.4;7.5;0.007   ;-4.1;0;8.8;(2006 JY26)          1970Dec16
(2007 EO88)          ;1970;Sep;18;9;45;21.1;9.4;8.60E-06;-6.5;0;22.5;(2007 EO88)          1970Sep18
(2007 XB23)          ;1970;Dec;16;6;31;45.1;6.4;6.70E-07;-7.8;0;16.5;(2007 XB23)          1970Dec16
(2008 DB)            ;1970;Dec;28;10;9;60.4;5.4;3.70E-05;-5;0;31.0;(2008 DB)            1970Dec28
(2010 TW54)          ;1970;Oct;7;18;44;10.9;7;3.20E-05;-6.1;0;13.0;(2010 TW54)          1970Oct7
(2013 VJ13)          ;1970;Oct;29;5;24;3.7;16.1;2.00E-09;-8.2;1;71.5;(2013 VJ13)          1970Oct29
(2014 FX32)          ;1970;Dec;15;23;17;47.4;12.1;1.10E-06;-6.2;1;43.0;(2014 FX32)          1970Dec15
(2014 WE6)           ;1970;Jul;10;18;4;46.7;3.9;4.70E-05;-7.6;0;3.55;(2014 WE6)           1970Jul10
(2014 WE6)           ;1970;Mar;28;4;51;51.2;3.5;4.70E-05;-7.6;0;3.55;(2014 WE6)           1970Mar28
(2015 EG)            ;1970;Mar;5;20;24;14.2;8.5;1.30E-07;-7.6;0;31.0;(2015 EG)            1970Mar5
(2015 TC25)          ;1970;Apr;21;20;25;76.2;3.9;8.20E-07;-8.7;0;5.4;(2015 TC25)          1970Apr21
(2015 XH55)          ;1970;Apr;30;5;35;77.7;4.6;8.20E-07;-8.6;0;5.95;(2015 XH55)          1970Apr30
(2016 FZ13)          ;1970;Aug;7;18;8;20.5;4.7;2.00E-05;-7.1;0;9.4;(2016 FZ13)          1970Aug7
(2017 FW90)          ;1970;Mar;25;15;2;22.4;5.8;7.40E-06;-7.4;0;10.1;(2017 FW90)          1970Mar25
(2017 OM1)           ;1970;Jul;27;22;29;37.5;13.5;2.10E-06;-5.2;1;93.5;(2017 OM1)           1970Jul27
(2017 RP16)          ;1970;Sep;4;9;41;32.2;7.9;4.10E-06;-7.1;0;15.8;(2017 RP16)          1970Sep4
101955 Bennu (1999 RQ36);1970;Sep;27;2;35;8.3;5.5;0.00037 ;-2.3;1;390.0;101955 Bennu (1999 RQ36)1970Sep27
443104 (2013 XK22)   ;1970;Feb;27;5;42;74.3;5.8;1.40E-06;-5.8;1;59.5;443104 (2013 XK22)   1970Feb27
(2000 SG344)         ;1971;Jul;2;17;25;4.2;1.8;0.0026  ;-3.2;1;49.5;(2000 SG344)         1971Jul2
(2000 SG344)         ;1971;Feb;19;2;2;26.4;1.2;0.0026  ;-3.2;1;49.5;(2000 SG344)         1971Feb19
(2006 BM8)           ;1971;Aug;7;9;51;52.3;18.6;2.60E-06;-6.2;1;37.5;(2006 BM8)           1971Aug7
(2006 JY26)          ;1971;Dec;9;18;0;7.5;2.8;0.007   ;-4.1;0;8.8;(2006 JY26)          1971Dec9
(2008 DB)            ;1971;Mar;6;11;46;69.2;4.2;3.70E-05;-5;0;31.0;(2008 DB)            1971Mar6
(2009 YR)            ;1971;Sep;17;10;30;35.8;5.9;1.10E-05;-6.9;0;10.85;(2009 YR)            1971Sep17
(2010 GV23)          ;1971;Apr;4;14;51;15.8;6.7;7.30E-07;-8;0;13.0;(2010 GV23)          1971Apr4
(2010 RA91)          ;1971;Sep;24;13;3;63.3;14.9;6.70E-08;-6.9;1;94.0;(2010 RA91)          1971Sep24
(2013 CY)            ;1971;Sep;15;3;30;75.4;8.1;2.20E-06;-8;0;9.4;(2013 CY)            1971Sep15
(2014 JU15)          ;1971;Apr;25;22;49;52.4;14.4;5.60E-05;-5.2;1;47.0;(2014 JU15)          1971Apr25
(2014 WE6)           ;1971;Aug;27;14;28;51.5;4.4;4.70E-05;-7.6;0;3.55;(2014 WE6)           1971Aug27
(2014 WE6)           ;1971;Feb;18;19;23;64.6;4.4;4.70E-05;-7.6;0;3.55;(2014 WE6)           1971Feb18
(2015 KG158)         ;1971;Nov;26;21;30;44.5;11.1;0.00024 ;-5.4;0;9.4;(2015 KG158)         1971Nov26
(2015 XH55)          ;1971;Nov;28;6;24;8.4;6.6;8.20E-07;-8.6;0;5.95;(2015 XH55)          1971Nov28
(2016 EV84)          ;1971;Mar;10;23;59;7.3;7.6;2.80E-06;-6.8;0;19.0;(2016 EV84)          1971Mar10
(2016 JA)            ;1971;May;24;10;59;70.8;5.2;1.00E-06;-7.9;0;13.0;(2016 JA)            1971May24
(2016 JA)            ;1971;Mar;9;7;8;71.3;5.8;1.00E-06;-7.9;0;13.0;(2016 JA)            1971Mar9
(2017 OM1)           ;1971;Jul;25;6;22;8.7;16.3;2.10E-06;-5.2;1;93.5;(2017 OM1)           1971Jul25
(2017 OO1)           ;1971;Jan;14;6;3;61.2;12;3.50E-08;-7.6;1;53.5;(2017 OO1)           1971Jan14
(2017 RZ15)          ;1971;Sep;3;17;49;9;7.2;5.00E-05;-6;0;15.95;(2017 RZ15)          1971Sep3
443104 (2013 XK22)   ;1971;Jun;19;6;59;3.6;7.2;1.40E-06;-5.8;1;59.5;443104 (2013 XK22)   1971Jun19
(2006 JY26)          ;1972;Sep;17;8;58;43.2;3.2;0.007   ;-4.1;0;8.8;(2006 JY26)          1972Sep17
(2006 QV89)          ;1972;Aug;23;9;46;61.7;9.9;5.00E-05;-3.3;0;37.5;(2006 QV89)          1972Aug23
(2006 UQ216)         ;1972;Oct;29;14;38;37.5;6.7;4.30E-06;-7.2;0;15.1;(2006 UQ216)         1972Oct29
(2006 WV)            ;1972;Apr;28;14;20;18.1;15.9;2.90E-08;-8.7;0;15.85;(2006 WV)            1972Apr28
(2008 EZ84)          ;1972;Mar;7;19;4;25.8;7.1;0.00019 ;-4.8;0;24.5;(2008 EZ84)          1972Mar7
(2008 HJ)            ;1972;Jul;25;21;36;62.9;12.5;0.00026 ;-4.8;0;29.5;(2008 HJ)            1972Jul25
(2011 BL45)          ;1972;Jun;18;3;8;37.4;3.2;0.00059 ;-4.7;0;17.5;(2011 BL45)          1972Jun18
(2014 WE6)           ;1972;Nov;2;22;41;27.6;2.4;4.70E-05;-7.6;0;3.55;(2014 WE6)           1972Nov2
(2014 WE6)           ;1972;Jan;16;1;3;59.2;4.1;4.70E-05;-7.6;0;3.55;(2014 WE6)           1972Jan16
(2016 JA)            ;1972;Apr;24;3;19;28.5;5.4;1.00E-06;-7.9;0;13.0;(2016 JA)            1972Apr24
(2016 WF7)           ;1972;Feb;21;22;1;22.6;8.2;1.00E-07;-9.3;0;7.3;(2016 WF7)           1972Feb21
(2016 WN7)           ;1972;Nov;17;3;53;51.5;9.8;2.60E-06;-7.3;0;11.5;(2016 WN7)           1972Nov17
(2017 HJ)            ;1972;Oct;12;23;46;34.5;12.2;3.40E-06;-7.6;0;13.8;(2017 HJ)            1972Oct12
(2017 HZ4)           ;1972;May;27;18;41;55.1;10.1;1.60E-05;-5.6;0;29.0;(2017 HZ4)           1972May27
(2017 OM1)           ;1972;Jul;19;22;12;58.1;19.7;2.10E-06;-5.2;1;93.5;(2017 OM1)           1972Jul19
(2017 TB)            ;1972;Oct;5;18;54;17.3;4.5;5.10E-05;-7.2;0;6.45;(2017 TB)            1972Oct5
99942 Apophis (2004 MN4);1972;Dec;24;11;58;30.8;4.1;8.90E-06;-2.9;1;495.0;99942 Apophis (2004 MN4)1972Dec24
(2004 DA53)          ;1973;Feb;24;4;18;11.7;8.5;9.00E-06;-6.9;0;10.85;(2004 DA53)          1973Feb24
(2006 JY26)          ;1973;Jul;11;5;4;38.5;2.6;0.007   ;-4.1;0;8.8;(2006 JY26)          1973Jul11
(2006 JY26)          ;1973;Mar;11;23;2;31.2;2.5;0.007   ;-4.1;0;8.8;(2006 JY26)          1973Mar11
(2006 SC)            ;1973;Feb;28;23;27;48.1;15.7;6.40E-06;-5.2;1;41.0;(2006 SC)            1973Feb28
(2008 EZ84)          ;1973;Mar;14;7;31;43.1;10.1;0.00019 ;-4.8;0;24.5;(2008 EZ84)          1973Mar14
(2010 UK)            ;1973;Jan;2;15;48;28.7;5.9;0.00052 ;-4.4;0;19.0;(2010 UK)            1973Jan2
(2013 CY)            ;1973;Feb;13;18;4;58.1;6.9;2.20E-06;-8;0;9.4;(2013 CY)            1973Feb13
(2014 WE6)           ;1973;Nov;17;20;55;28.3;6.6;4.70E-05;-7.6;0;3.55;(2014 WE6)           1973Nov17
(2016 DB)            ;1973;Feb;17;18;2;56.4;13.6;0.5     ;-11;0;8.65;(2016 DB)            1973Feb17
(2016 JA)            ;1973;Apr;28;0;39;19.9;9;1.00E-06;-7.9;0;13.0;(2016 JA)            1973Apr28
(2006 JY26)          ;1974;May;9;16;16;17.1;4.3;0.007   ;-4.1;0;8.8;(2006 JY26)          1974May9
(2006 SC)            ;1974;Sep;10;22;16;21.7;10.7;6.40E-06;-5.2;1;41.0;(2006 SC)            1974Sep10
(2008 GM2)           ;1974;Oct;3;11;21;12.8;5.6;3.80E-05;-7;0;9.4;(2008 GM2)           1974Oct3
(2010 CK19)          ;1974;Feb;16;7;10;14;6.1;4.40E-06;-7.8;0;11.5;(2010 CK19)          1974Feb16
(2012 TV)            ;1974;Mar;31;5;39;7.8;16.1;3.10E-06;-5.8;1;39.0;(2012 TV)            1974Mar31
(2014 HB177)         ;1974;May;7;0;40;0.9;6.2;1.70E-06;-7.7;0;10.2;(2014 HB177)         1974May7
(2014 QN266)         ;1974;Dec;7;4;39;61.5;3.6;2.00E-06;-6.7;0;24.0;(2014 QN266)         1974Dec7
(2014 QN266)         ;1974;Mar;8;16;1;70.7;8.3;2.00E-06;-6.7;0;24.0;(2014 QN266)         1974Mar8
(2015 EG)            ;1974;Mar;4;9;19;18;10.9;1.30E-07;-7.6;0;31.0;(2015 EG)            1974Mar4
(2016 DB)            ;1974;Jun;4;1;46;14.6;8.3;0.5     ;-11;0;8.65;(2016 DB)            1974Jun4
(2016 EP84)          ;1974;Dec;18;16;22;24.4;4.4;1.90E-05;-6.4;0;14.4;(2016 EP84)          1974Dec18
(2016 JA)            ;1974;May;4;1;12;71.7;13;1.00E-06;-7.9;0;13.0;(2016 JA)            1974May4
(2016 NK22)          ;1974;Sep;19;8;0;16.8;7.6;0.00045 ;-5.9;0;6.8;(2016 NK22)          1974Sep19
(2016 SU2)           ;1974;Oct;2;11;31;60.4;9.2;4.40E-06;-7.3;0;13.0;(2016 SU2)           1974Oct2
(2017 HG4)           ;1974;Apr;11;3;42;18.3;4.8;3.90E-05;-6.6;0;12.95;(2017 HG4)           1974Apr11
(2017 RZ15)          ;1974;Jan;15;14;35;15.7;6.9;5.00E-05;-6;0;15.95;(2017 RZ15)          1974Jan15
(2017 TB)            ;1974;Mar;24;13;55;3.3;6.1;5.10E-05;-7.2;0;6.45;(2017 TB)            1974Mar24
(2000 SZ162)         ;1975;Jun;30;22;2;11.8;4.9;1.90E-06;-7.4;0;15.1;(2000 SZ162)         1975Jun30
(2004 FH)            ;1975;Mar;24;12;28;19.7;8.5;5.40E-06;-6.6;0;31.0;(2004 FH)            1975Mar24
(2007 UD6)           ;1975;Oct;15;11;1;7.7;5.4;8.80E-05;-6.5;0;9.4;(2007 UD6)           1975Oct15
(2008 GM2)           ;1975;Dec;2;19;36;47.5;3.9;3.80E-05;-7;0;9.4;(2008 GM2)           1975Dec2
(2008 GM2)           ;1975;Aug;24;18;37;53.2;3.4;3.80E-05;-7;0;9.4;(2008 GM2)           1975Aug24
(2009 WP6)           ;1975;Nov;10;12;2;72.7;20;4.00E-05;-5.2;0;19.0;(2009 WP6)           1975Nov10
(2010 CK19)          ;1975;Dec;3;5;33;73;4.8;4.40E-06;-7.8;0;11.5;(2010 CK19)          1975Dec3
(2010 CK19)          ;1975;Apr;7;4;4;47.7;4;4.40E-06;-7.8;0;11.5;(2010 CK19)          1975Apr7
(2010 CK19)          ;1975;Jan;15;19;45;51.2;3.5;4.40E-06;-7.8;0;11.5;(2010 CK19)          1975Jan15
(2012 DW60)          ;1975;Apr;13;16;1;32.3;4.1;0.0001  ;-5.4;0;21.5;(2012 DW60)          1975Apr13
(2012 QD8)           ;1975;Aug;30;16;19;52.9;24.7;6.50E-06;-4;1;102.0;(2012 QD8)           1975Aug30
(2014 KS76)          ;1975;Jun;2;10;8;39.3;5.2;4.40E-07;-7.6;0;20.5;(2014 KS76)          1975Jun2
(2014 QN266)         ;1975;Aug;12;19;39;36;5.6;2.00E-06;-6.7;0;24.0;(2014 QN266)         1975Aug12
(2015 TG24)          ;1975;Aug;21;15;7;38.4;12.4;1.60E-05;-6.8;0;19.5;(2015 TG24)          1975Aug21
(2016 EV84)          ;1975;Mar;7;22;36;23.4;8.1;2.80E-06;-6.8;0;19.0;(2016 EV84)          1975Mar7
(2016 JA6)           ;1975;Nov;11;16;22;75;8.5;2.70E-06;-6.5;0;24.0;(2016 JA6)           1975Nov11
(2016 SK2)           ;1975;Apr;16;5;51;64.5;12;2.20E-06;-5.9;1;37.5;(2016 SK2)           1975Apr16
(2016 WF7)           ;1975;Nov;21;23;43;47.8;10.3;1.00E-07;-9.3;0;7.3;(2016 WF7)           1975Nov21
(2006 GU2)           ;1976;Oct;7;18;42;6;6.9;1.50E-05;-7.2;0;11.65;(2006 GU2)           1976Oct7
(2007 CS5)           ;1976;Jan;31;18;24;42.4;8.4;3.10E-07;-7.2;1;51.5;(2007 CS5)           1976Jan31
(2008 GM2)           ;1976;Jul;5;0;28;69.4;4.3;3.80E-05;-7;0;9.4;(2008 GM2)           1976Jul5
(2009 HC)            ;1976;Nov;1;10;35;16.7;2.8;2.90E-06;-6.2;1;49.5;(2009 HC)            1976Nov1
(2010 CK19)          ;1976;Oct;26;15;41;68.7;4.5;4.40E-06;-7.8;0;11.5;(2010 CK19)          1976Oct26
(2010 RA91)          ;1976;Oct;4;14;59;12.8;9.3;6.70E-08;-6.9;1;94.0;(2010 RA91)          1976Oct4
(2011 EM40)          ;1976;Sep;14;13;10;18;9.3;1.40E-06;-8;0;10.85;(2011 EM40)          1976Sep14
(2014 GY44)          ;1976;Mar;29;6;7;1.2;12.3;1.70E-06;-6.3;1;35.5;(2014 GY44)          1976Mar29
(2014 JU15)          ;1976;Apr;26;14;9;8.7;10.9;5.60E-05;-5.2;1;47.0;(2014 JU15)          1976Apr26
(2016 AF2)           ;1976;Dec;25;0;59;57.2;10.5;2.60E-07;-8.2;0;11.5;(2016 AF2)           1976Dec25
(2016 SR2)           ;1976;Oct;6;19;57;2.2;6.2;3.90E-07;-7.6;0;24.5;(2016 SR2)           1976Oct6
(2016 SU2)           ;1976;Jan;4;18;0;41.7;15;4.40E-06;-7.3;0;13.0;(2016 SU2)           1976Jan4
(2017 FB1)           ;1976;Sep;12;0;4;74.7;16.6;4.10E-07;-5.8;1;88.0;(2017 FB1)           1976Sep12
(2017 FR102)         ;1976;Mar;12;21;26;22.9;12.2;6.60E-08;-7.4;1;50.0;(2017 FR102)         1976Mar12
(2017 KH5)           ;1976;Oct;9;18;26;42.4;15.1;2.40E-07;-8.1;0;13.05;(2017 KH5)           1976Oct9
(2002 EM7)           ;1977;Jun;30;8;26;44.1;7.5;6.10E-08;-7.3;1;56.5;(2002 EM7)           1977Jun30
(2004 FH)            ;1977;Jan;27;1;26;63.7;11.9;5.40E-06;-6.6;0;31.0;(2004 FH)            1977Jan27
(2006 WV)            ;1977;Nov;10;0;16;72.2;20.2;2.90E-08;-8.7;0;15.85;(2006 WV)            1977Nov10
(2007 CS5)           ;1977;Nov;10;23;40;67.3;5.4;3.10E-07;-7.2;1;51.5;(2007 CS5)           1977Nov10
(2007 CS5)           ;1977;Feb;3;10;20;26.4;3.2;3.10E-07;-7.2;1;51.5;(2007 CS5)           1977Feb3
(2008 GM2)           ;1977;May;16;21;46;52.8;3.4;3.80E-05;-7;0;9.4;(2008 GM2)           1977May16
(2008 GM2)           ;1977;Feb;5;11;22;47.8;3.9;3.80E-05;-7;0;9.4;(2008 GM2)           1977Feb5
(2010 CK19)          ;1977;Aug;17;2;54;29.8;2.9;4.40E-06;-7.8;0;11.5;(2010 CK19)          1977Aug17
(2011 UC64)          ;1977;Oct;15;13;28;76.3;19.9;1.70E-05;-7;0;11.5;(2011 UC64)          1977Oct15
(2012 EP10)          ;1977;Sep;13;13;12;3.5;3.2;7.70E-05;-6.8;0;6.5;(2012 EP10)          1977Sep13
(2014 EU)            ;1977;Nov;22;2;49;23.9;7.5;1.60E-05;-6.6;0;12.35;(2014 EU)            1977Nov22
(2014 WA201)         ;1977;Jul;2;16;5;32.3;9.9;0.0002  ;-4.7;0;18.0;(2014 WA201)         1977Jul2
(2015 KG158)         ;1977;Dec;2;3;12;7.9;8.2;0.00024 ;-5.4;0;9.4;(2015 KG158)         1977Dec2
(2015 TC25)          ;1977;Oct;23;4;43;10;2.9;8.20E-07;-8.7;0;5.4;(2015 TC25)          1977Oct23
(2015 TG24)          ;1977;Oct;11;16;1;4.2;9.6;1.60E-05;-6.8;0;19.5;(2015 TG24)          1977Oct11
(2016 JB18)          ;1977;May;7;4;0;73.9;9;6.90E-05;-5.8;0;15.1;(2016 JB18)          1977May7
(2016 JB29)          ;1977;Aug;12;2;3;60;11.8;1.70E-07;-6.9;1;49.5;(2016 JB29)          1977Aug12
(2016 RD34)          ;1977;Oct;2;19;53;11.6;2.1;0.0062  ;-3.8;0;13.0;(2016 RD34)          1977Oct2
(2016 WN7)           ;1977;Nov;18;5;51;13;7;2.60E-06;-7.3;0;11.5;(2016 WN7)           1977Nov18
101955 Bennu (1999 RQ36);1977;Feb;4;9;54;38.1;4.2;0.00037 ;-2.3;1;390.0;101955 Bennu (1999 RQ36)1977Feb4
(2000 LG6)           ;1978;May;19;5;54;70.8;7.5;0.0019  ;-5.5;0;6.8;(2000 LG6)           1978May19
(2005 VN5)           ;1978;Aug;7;21;7;44.5;4.7;5.00E-05;-5.9;0;17.5;(2005 VN5)           1978Aug7
(2006 GU2)           ;1978;Apr;4;1;39;25.5;9.2;1.50E-05;-7.2;0;11.65;(2006 GU2)           1978Apr4
(2008 EA9)           ;1978;Oct;21;2;39;39.6;1.8;2.30E-05;-6.7;0;12.35;(2008 EA9)           1978Oct21
(2008 GM2)           ;1978;Apr;7;10;57;12.6;5.5;3.80E-05;-7;0;9.4;(2008 GM2)           1978Apr7
(2010 CK19)          ;1978;Aug;29;1;46;37.2;7.8;4.40E-06;-7.8;0;11.5;(2010 CK19)          1978Aug29
(2011 DS)            ;1978;Aug;13;2;22;34.1;9.1;2.70E-05;-6.2;0;18.0;(2011 DS)            1978Aug13
(2015 EG)            ;1978;Mar;7;1;8;62.4;14.5;1.30E-07;-7.6;0;31.0;(2015 EG)            1978Mar7
(2015 PS228)         ;1978;Aug;13;13;59;64.1;7.4;1.40E-06;-8.2;0;7.3;(2015 PS228)         1978Aug13
(2015 TC25)          ;1978;Mar;30;7;18;62.6;3;8.20E-07;-8.7;0;5.4;(2015 TC25)          1978Mar30
(2016 CG18)          ;1978;Sep;9;13;55;66.7;4;8.80E-05;-6.4;0;8.65;(2016 CG18)          1978Sep9
(2016 CG18)          ;1978;Feb;9;9;0;8.9;3.8;8.80E-05;-6.4;0;8.65;(2016 CG18)          1978Feb9
(2016 SR2)           ;1978;Mar;26;18;28;15;4.9;3.90E-07;-7.6;0;24.5;(2016 SR2)           1978Mar26
(2017 HZ4)           ;1978;Jul;19;23;53;76.8;4.1;1.60E-05;-5.6;0;29.0;(2017 HZ4)           1978Jul19
(2017 HZ4)           ;1978;Apr;9;4;14;41.8;4.7;1.60E-05;-5.6;0;29.0;(2017 HZ4)           1978Apr9
(2017 OO1)           ;1978;Jul;21;17;58;16.6;10.2;3.50E-08;-7.6;1;53.5;(2017 OO1)           1978Jul21
(1979 XB)            ;1979;Dec;17;11;23;14.2;23;7.40E-07;-3.1;1;805.0;(1979 XB)            1979Dec17
(2007 VF189)         ;1979;May;3;13;56;19.3;10.1;3.60E-08;-9.2;0;9.4;(2007 VF189)         1979May3
(2007 YS56)          ;1979;May;1;0;19;35.5;10;4.20E-06;-6.4;0;31.0;(2007 YS56)          1979May1
(2008 EA9)           ;1979;Mar;22;8;59;29.5;3.7;2.30E-05;-6.7;0;12.35;(2008 EA9)           1979Mar22
(2008 ST)            ;1979;May;28;17;8;37.6;6;0.00016 ;-5.5;0;16.5;(2008 ST)            1979May28
(2010 GV23)          ;1979;Apr;11;12;12;17.9;4.4;7.30E-07;-8;0;13.0;(2010 GV23)          1979Apr11
(2011 UD21)          ;1979;Oct;10;0;17;12.7;2.3;7.40E-06;-7.3;0;8.65;(2011 UD21)          1979Oct10
(2014 WZ365)         ;1979;Nov;15;8;4;50.6;8.8;0.28    ;-9.7;0;27.5;(2014 WZ365)         1979Nov15
(2016 EV84)          ;1979;Mar;4;23;23;57.4;9.8;2.80E-06;-6.8;0;19.0;(2016 EV84)          1979Mar4
(2016 SU2)           ;1979;Sep;27;1;28;32.5;15.3;4.40E-06;-7.3;0;13.0;(2016 SU2)           1979Sep27
(2017 SS12)          ;1979;Sep;15;1;19;35.3;7.5;1.70E-06;-7.4;0;16.0;(2017 SS12)          1979Sep15
(2017 SU17)          ;1979;May;13;4;17;9.1;8.7;2.60E-05;-6.8;0;10.85;(2017 SU17)          1979May13
(2000 SG344)         ;1980;Oct;21;6;8;47.4;2.9;0.0026  ;-3.2;1;49.5;(2000 SG344)         1980Oct21
(2000 SG344)         ;1980;Apr;28;21;35;55.3;5.8;0.0026  ;-3.2;1;49.5;(2000 SG344)         1980Apr28
(2003 WT153)         ;1980;Sep;29;16;29;9.1;3.6;2.70E-05;-7;0;10.85;(2003 WT153)         1980Sep29
(2007 CS5)           ;1980;Jun;24;16;30;15.8;6.2;3.10E-07;-7.2;1;51.5;(2007 CS5)           1980Jun24
(2008 ST)            ;1980;Sep;28;17;51;27.2;5.3;0.00016 ;-5.5;0;16.5;(2008 ST)            1980Sep28
(2009 WW7)           ;1980;May;17;11;32;6.7;8.7;4.50E-05;-7;0;7.15;(2009 WW7)           1980May17
(2011 TO)            ;1980;Sep;28;10;32;9.4;9.2;6.00E-06;-5.9;0;24.0;(2011 TO)            1980Sep28
(2012 EP10)          ;1980;Mar;5;2;39;26.5;4.8;7.70E-05;-6.8;0;6.5;(2012 EP10)          1980Mar5
(2012 LJ)            ;1980;Jun;6;2;33;22.2;20.5;2.30E-06;-5.8;1;32.5;(2012 LJ)            1980Jun6
(2014 HB177)         ;1980;Sep;19;18;4;19.5;5.4;1.70E-06;-7.7;0;10.2;(2014 HB177)         1980Sep19
(2014 JR24)          ;1980;Apr;22;3;25;40.7;6.8;0.0012  ;-5.3;0;5.95;(2014 JR24)          1980Apr22
(2015 VO142)         ;1980;Nov;10;11;3;70.5;8.3;6.40E-06;-7.7;0;6.8;(2015 VO142)         1980Nov10
(2016 CH30)          ;1980;Feb;5;9;50;1.6;5.6;7.10E-06;-7;0;10.85;(2016 CH30)          1980Feb5
(2016 DB)            ;1980;May;20;12;12;50.3;6.6;0.5     ;-11;0;8.65;(2016 DB)            1980May20
(2016 SU2)           ;1980;Dec;26;15;16;71;9;4.40E-06;-7.3;0;13.0;(2016 SU2)           1980Dec26
(2016 WY)            ;1980;Dec;24;13;16;27.6;5.3;0.0001  ;-6.6;0;5.65;(2016 WY)            1980Dec24
(2017 HJ)            ;1980;Apr;15;14;56;1.5;14.8;3.40E-06;-7.6;0;13.8;(2017 HJ)            1980Apr15
(2017 JB2)           ;1980;May;23;18;2;15.7;4.1;9.70E-07;-8.8;0;6.6;(2017 JB2)           1980May23
99942 Apophis (2004 MN4);1980;Dec;18;1;52;28.1;7.3;8.90E-06;-2.9;1;495.0;99942 Apophis (2004 MN4)1980Dec18
(2001 BA16)          ;1981;Jan;18;2;8;17.2;4;9.90E-06;-5.3;0;27.5;(2001 BA16)          1981Jan18
(2006 UJ185)         ;1981;Nov;2;10;8;15.5;14.2;2.50E-05;-6.4;0;11.5;(2006 UJ185)         1981Nov2
(2008 DB)            ;1981;Aug;7;14;23;75.2;12.5;3.70E-05;-5;0;31.0;(2008 DB)            1981Aug7
(2008 EX5)           ;1981;Feb;19;11;31;21.2;10.8;4.70E-05;-4.2;1;73.0;(2008 EX5)           1981Feb19
(2009 WW7)           ;1981;Nov;11;16;33;29.8;5.9;4.50E-05;-7;0;7.15;(2009 WW7)           1981Nov11
(2009 YR)            ;1981;Dec;31;2;9;43.8;6.6;1.10E-05;-6.9;0;10.85;(2009 YR)            1981Dec31
(2011 DS)            ;1981;Feb;22;11;47;38.9;9.6;2.70E-05;-6.2;0;18.0;(2011 DS)            1981Feb22
(2011 UC64)          ;1981;Jun;2;0;43;17.7;13.7;1.70E-05;-7;0;11.5;(2011 UC64)          1981Jun2
(2012 DJ54)          ;1981;Nov;10;15;3;12.5;4.9;0.00023 ;-6;0;8.05;(2012 DJ54)          1981Nov10
(2012 DW60)          ;1981;Mar;8;17;41;18.7;6.7;0.0001  ;-5.4;0;21.5;(2012 DW60)          1981Mar8
(2014 JU15)          ;1981;May;4;1;48;15.6;9.5;5.60E-05;-5.2;1;47.0;(2014 JU15)          1981May4
(2015 VK1)           ;1981;Oct;31;4;48;5.4;15.1;7.70E-07;-7.1;0;20.5;(2015 VK1)           1981Oct31
(2015 VL64)          ;1981;Nov;4;13;58;46.5;12.4;3.00E-06;-8;0;9.4;(2015 VL64)          1981Nov4
(2015 VO142)         ;1981;Jul;22;8;15;67.7;3.7;6.40E-06;-7.7;0;6.8;(2015 VO142)         1981Jul22
(2015 YJ)            ;1981;May;19;2;39;27.8;14.2;0.0016  ;-4.4;0;10.05;(2015 YJ)            1981May19
(2016 AF2)           ;1981;Dec;23;21;54;29.3;8.2;2.60E-07;-8.2;0;11.5;(2016 AF2)           1981Dec23
(2016 WF7)           ;1981;Feb;21;6;58;20.7;8.1;1.00E-07;-9.3;0;7.3;(2016 WF7)           1981Feb21
(2016 WU)            ;1981;May;18;7;57;3.6;6.9;2.60E-06;-7.1;0;15.1;(2016 WU)            1981May18
(2017 RP16)          ;1981;Mar;6;5;3;37.1;13.2;4.10E-06;-7.1;0;15.8;(2017 RP16)          1981Mar6
(2001 BA16)          ;1982;Jun;24;13;30;26;4.2;9.90E-06;-5.3;0;27.5;(2001 BA16)          1982Jun24
(2001 GP2)           ;1982;Oct;19;21;39;56.8;6.9;0.00021 ;-5;0;18.0;(2001 GP2)           1982Oct19
(2006 BC8)           ;1982;Jul;16;1;0;73.8;18.6;9.50E-06;-5.6;1;41.0;(2006 BC8)           1982Jul16
(2007 HB15)          ;1982;Jul;24;2;0;10.8;5.6;0.00051 ;-4.9;0;12.35;(2007 HB15)          1982Jul24
(2008 DB)            ;1982;Nov;19;14;52;73.7;6.6;3.70E-05;-5;0;31.0;(2008 DB)            1982Nov19
(2010 TW54)          ;1982;Apr;4;14;39;14.2;6.7;3.20E-05;-6.1;0;13.0;(2010 TW54)          1982Apr4
(2015 VK1)           ;1982;Oct;30;6;10;62.8;10.7;7.70E-07;-7.1;0;20.5;(2015 VK1)           1982Oct30
(2015 WP2)           ;1982;Jul;1;9;8;45.9;9.4;7.60E-05;-7.1;0;4.1;(2015 WP2)           1982Jul1
(2016 CY135)         ;1982;Apr;20;23;20;19;5.8;1.40E-06;-6.2;1;54.0;(2016 CY135)         1982Apr20
(2016 WN7)           ;1982;Nov;21;0;32;5.1;6.1;2.60E-06;-7.3;0;11.5;(2016 WN7)           1982Nov21
(2016 WU)            ;1982;Dec;11;8;26;75.4;4.8;2.60E-06;-7.1;0;15.1;(2016 WU)            1982Dec11
(2016 WU)            ;1982;Sep;24;3;37;70.8;5.1;2.60E-06;-7.1;0;15.1;(2016 WU)            1982Sep24
99942 Apophis (2004 MN4);1982;Apr;11;12;16;69.9;11.2;8.90E-06;-2.9;1;495.0;99942 Apophis (2004 MN4)1982Apr11
(2000 SZ162)         ;1983;Jun;30;20;28;10.3;4.8;1.90E-06;-7.4;0;15.1;(2000 SZ162)         1983Jun30
(2014 GY44)          ;1983;Oct;8;18;22;15.5;11.3;1.70E-06;-6.3;1;35.5;(2014 GY44)          1983Oct8
(2014 KS76)          ;1983;Jul;12;6;23;61.8;5.9;4.40E-07;-7.6;0;20.5;(2014 KS76)          1983Jul12
(2015 KG158)         ;1983;Nov;29;17;31;25;9.6;0.00024 ;-5.4;0;9.4;(2015 KG158)         1983Nov29
(2015 VL64)          ;1983;Feb;22;1;58;19.5;7.2;3.00E-06;-8;0;9.4;(2015 VL64)          1983Feb22
(2017 TB)            ;1983;Sep;28;4;51;57.9;10.2;5.10E-05;-7.2;0;6.45;(2017 TB)            1983Sep28
443104 (2013 XK22)   ;1983;Dec;12;5;30;76.9;12.4;1.40E-06;-5.8;1;59.5;443104 (2013 XK22)   1983Dec12
(2004 FH)            ;1984;Mar;23;21;39;64.7;12.4;5.40E-06;-6.6;0;31.0;(2004 FH)            1984Mar23
(2011 TO)            ;1984;Feb;2;14;12;75.1;14.4;6.00E-06;-5.9;0;24.0;(2011 TO)            1984Feb2
(2015 TG24)          ;1984;Aug;21;6;9;64.4;14.9;1.60E-05;-6.8;0;19.5;(2015 TG24)          1984Aug21
(2015 XH55)          ;1984;May;25;7;32;19.9;8.6;8.20E-07;-8.6;0;5.95;(2015 XH55)          1984May25
(2016 TY55)          ;1984;Apr;8;11;12;28.1;6.5;0.00011 ;-5.2;0;18.0;(2016 TY55)          1984Apr8
(2016 WF7)           ;1984;Nov;21;6;35;43.2;9.9;1.00E-07;-9.3;0;7.3;(2016 WF7)           1984Nov21
(2017 HZ4)           ;1984;Feb;16;13;59;75.8;11.8;1.60E-05;-5.6;0;29.0;(2017 HZ4)           1984Feb16
(2017 JB2)           ;1984;Mar;17;16;14;29.7;4.9;9.70E-07;-8.8;0;6.6;(2017 JB2)           1984Mar17
(2005 TH50)          ;1985;Nov;28;5;4;4;4.7;5.50E-05;-6.3;0;10.85;(2005 TH50)          1985Nov28
(2006 QV89)          ;1985;Dec;29;16;40;29.1;7.4;5.00E-05;-3.3;0;37.5;(2006 QV89)          1985Dec29
(2007 HB15)          ;1985;Apr;10;21;27;49.3;10.2;0.00051 ;-4.9;0;12.35;(2007 HB15)          1985Apr10
(2010 UY7)           ;1985;Oct;26;6;51;57.5;8.5;0.00023 ;-6.2;0;8.65;(2010 UY7)           1985Oct26
(2012 PB20)          ;1985;Aug;28;1;19;51.8;3.8;2.80E-06;-6.6;1;45.0;(2012 PB20)          1985Aug28
(2012 PB20)          ;1985;Feb;11;18;25;1.2;4.2;2.80E-06;-6.6;1;45.0;(2012 PB20)          1985Feb11
(2013 CY)            ;1985;Oct;30;9;35;15.5;1.8;2.20E-06;-8;0;9.4;(2013 CY)            1985Oct30
(2014 QF33)          ;1985;Aug;10;19;3;66.5;18.4;1.40E-07;-6.1;1;79.0;(2014 QF33)          1985Aug10
(2014 TL)            ;1985;Sep;6;10;36;73.5;6.2;6.30E-06;-7;0;11.65;(2014 TL)            1985Sep6
(2015 RN35)          ;1985;Oct;9;15;43;14.3;6.9;4.00E-07;-6.2;1;102.0;(2015 RN35)          1985Oct9
(2016 DK1)           ;1985;Nov;26;4;10;14.4;5.9;0.00019 ;-5.4;0;13.7;(2016 DK1)           1985Nov26
(2016 EM156)         ;1985;Feb;22;9;15;69.6;14.6;5.70E-05;-6.1;0;11.5;(2016 EM156)         1985Feb22
(2016 EU84)          ;1985;Mar;18;4;21;4.4;2.3;1.10E-06;-8.4;0;6.8;(2016 EU84)          1985Mar18
(2016 FZ13)          ;1985;Apr;3;1;53;21.8;3.1;2.00E-05;-7.1;0;9.4;(2016 FZ13)          1985Apr3
(2016 VB1)           ;1985;Oct;9;19;23;55.9;10.4;0.0011  ;-5.6;0;8.05;(2016 VB1)           1985Oct9
(2017 RV2)           ;1985;Jun;17;7;49;76.3;12.6;0.00011 ;-5.7;0;24.5;(2017 RV2)           1985Jun17
443104 (2013 XK22)   ;1985;Mar;4;19;20;74.3;5.8;1.40E-06;-5.8;1;59.5;443104 (2013 XK22)   1985Mar4
(2000 LG6)           ;1986;Jan;4;13;53;66;4.7;0.0019  ;-5.5;0;6.8;(2000 LG6)           1986Jan4
(2002 CB19)          ;1986;Jan;29;23;35;36.3;13.7;0.72    ;-8.7;1;43.0;(2002 CB19)          1986Jan29
(2002 EM7)           ;1986;Jul;4;8;28;9.8;10.2;6.10E-08;-7.3;1;56.5;(2002 EM7)           1986Jul4
(2003 DW10)          ;1986;Mar;7;20;41;10.4;7.1;8.70E-08;-7.7;0;26.0;(2003 DW10)          1986Mar7
(2004 FH)            ;1986;Jan;28;15;44;23.5;8;5.40E-06;-6.6;0;31.0;(2004 FH)            1986Jan28
(2006 SC)            ;1986;Mar;15;15;19;50.6;9;6.40E-06;-5.2;1;41.0;(2006 SC)            1986Mar15
(2007 UT3)           ;1986;Oct;27;9;49;43.8;12.6;5.10E-07;-7.2;0;28.5;(2007 UT3)           1986Oct27
(2007 VF189)         ;1986;Nov;19;20;23;31.8;9.2;3.60E-08;-9.2;0;9.4;(2007 VF189)         1986Nov19
(2009 WR52)          ;1986;May;11;17;36;75.6;10.9;8.40E-05;-6.3;0;9.4;(2009 WR52)          1986May11
(2010 VQ)            ;1986;Oct;25;18;27;11.4;4;0.00014 ;-5.3;0;12.35;(2010 VQ)            1986Oct25
(2012 HG2)           ;1986;Jan;19;9;45;19.5;4.9;0.0016  ;-4.5;0;17.5;(2012 HG2)           1986Jan19
(2012 TC4)           ;1986;Oct;11;14;32;2.6;6.8;0.001   ;-4.2;0;19.5;(2012 TC4)           1986Oct11
(2013 CY)            ;1986;Mar;22;11;37;39.5;2;2.20E-06;-8;0;9.4;(2013 CY)            1986Mar22
(2014 JR24)          ;1986;Aug;13;16;36;11.7;4.2;0.0012  ;-5.3;0;5.95;(2014 JR24)          1986Aug13
(2014 WZ365)         ;1986;Nov;24;12;34;43.8;8.8;0.28    ;-9.7;0;27.5;(2014 WZ365)         1986Nov24
(2015 TC25)          ;1986;Feb;16;5;40;44.9;7;8.20E-07;-8.7;0;5.4;(2015 TC25)          1986Feb16
(2015 XH55)          ;1986;Dec;5;8;22;52.7;11.1;8.20E-07;-8.6;0;5.95;(2015 XH55)          1986Dec5
(2015 YJ)            ;1986;Dec;16;14;56;27.5;18.5;0.0016  ;-4.4;0;10.05;(2015 YJ)            1986Dec16
(2016 DB)            ;1986;Apr;29;12;49;70.1;7.1;0.5     ;-11;0;8.65;(2016 DB)            1986Apr29
(2016 FZ13)          ;1986;Aug;3;12;26;38.3;6.6;2.00E-05;-7.1;0;9.4;(2016 FZ13)          1986Aug3
(2016 JY5)           ;1986;Nov;16;13;2;11.9;6.8;1.90E-08;-9.3;0;16.5;(2016 JY5)           1986Nov16
(2017 OO1)           ;1986;Jul;20;19;50;31.6;10.2;3.50E-08;-7.6;1;53.5;(2017 OO1)           1986Jul20
(2017 RZ15)          ;1986;Sep;6;0;34;37.4;10.8;5.00E-05;-6;0;15.95;(2017 RZ15)          1986Sep6
443104 (2013 XK22)   ;1986;Jun;22;22;16;34.1;9.2;1.40E-06;-5.8;1;59.5;443104 (2013 XK22)   1986Jun22
(2005 VN5)           ;1987;Sep;15;21;7;57.4;5.3;5.00E-05;-5.9;0;17.5;(2005 VN5)           1987Sep15
(2006 HE2)           ;1987;Sep;20;12;6;13.6;4;1.10E-06;-7.3;0;21.5;(2006 HE2)           1987Sep20
(2006 SC)            ;1987;Sep;22;10;57;72.8;17.4;6.40E-06;-5.2;1;41.0;(2006 SC)            1987Sep22
(2006 UQ216)         ;1987;Mar;11;19;36;38.4;6.8;4.30E-06;-7.2;0;15.1;(2006 UQ216)         1987Mar11
(2010 GV23)          ;1987;May;31;6;56;43.1;4.4;7.30E-07;-8;0;13.0;(2010 GV23)          1987May31
(2014 WA201)         ;1987;Nov;20;12;57;26.8;13.6;0.0002  ;-4.7;0;18.0;(2014 WA201)         1987Nov20
(2015 EG)            ;1987;Jun;5;10;12;50.9;13.4;1.30E-07;-7.6;0;31.0;(2015 EG)            1987Jun5
(2016 AF2)           ;1987;Jan;2;10;0;15.4;4.8;2.60E-07;-8.2;0;11.5;(2016 AF2)           1987Jan2
(2016 CH30)          ;1987;Oct;12;9;38;53.4;9.6;7.10E-06;-7;0;10.85;(2016 CH30)          1987Oct12
(2016 RD34)          ;1987;Oct;10;9;21;34.8;3.8;0.0062  ;-3.8;0;13.0;(2016 RD34)          1987Oct10
(2016 RD34)          ;1987;May;18;20;49;38.8;1.6;0.0062  ;-3.8;0;13.0;(2016 RD34)          1987May18
(2016 VB1)           ;1987;Oct;17;18;16;9.6;6.1;0.0011  ;-5.6;0;8.05;(2016 VB1)           1987Oct17
(2016 WN7)           ;1987;Dec;18;14;21;40.2;5.3;2.60E-06;-7.3;0;11.5;(2016 WN7)           1987Dec18
(2016 WY)            ;1987;Nov;1;15;45;29.8;5.7;0.0001  ;-6.6;0;5.65;(2016 WY)            1987Nov1
(2017 PL26)          ;1987;Nov;2;12;34;7.9;8.2;4.90E-07;-5.3;1;160.0;(2017 PL26)          1987Nov2
(2017 RZ15)          ;1987;Oct;18;1;6;76.7;6.3;5.00E-05;-6;0;15.95;(2017 RZ15)          1987Oct18
(2017 SS12)          ;1987;Apr;6;21;20;33.2;12.6;1.70E-06;-7.4;0;16.0;(2017 SS12)          1987Apr6
(2007 EO88)          ;1988;Mar;15;15;34;17;12.2;8.60E-06;-6.5;0;22.5;(2007 EO88)          1988Mar15
(2007 YS56)          ;1988;Jan;19;21;31;70.3;6.7;4.20E-06;-6.4;0;31.0;(2007 YS56)          1988Jan19
(2008 EA9)           ;1988;Aug;12;4;24;60.2;3.1;2.30E-05;-6.7;0;12.35;(2008 EA9)           1988Aug12
(2009 EW)            ;1988;Aug;15;10;31;63.1;8.7;1.70E-06;-6.7;0;22.5;(2009 EW)            1988Aug15
(2010 UK)            ;1988;Oct;15;20;30;1.1;6.3;0.00052 ;-4.4;0;19.0;(2010 UK)            1988Oct15
(2012 SU9)           ;1988;Jan;9;16;54;2.2;10.9;1.40E-06;-7.4;0;15.85;(2012 SU9)           1988Jan9
(2014 HN2)           ;1988;Mar;20;22;40;54.5;6.9;9.80E-09;-9.2;0;21.5;(2014 HN2)           1988Mar20
(2014 QN266)         ;1988;Oct;7;9;37;52.5;2.9;2.00E-06;-6.7;0;24.0;(2014 QN266)         1988Oct7
(2014 QN266)         ;1988;Apr;1;18;19;10.9;2.2;2.00E-06;-6.7;0;24.0;(2014 QN266)         1988Apr1
(2014 WZ365)         ;1988;Oct;4;7;52;74;17.1;0.28    ;-9.7;0;27.5;(2014 WZ365)         1988Oct4
(2015 HE1)           ;1988;Apr;20;9;8;4.9;14.2;1.40E-07;-7.9;0;21.5;(2015 HE1)           1988Apr20
(2016 AB166)         ;1988;Jan;7;8;30;35.9;19.1;3.10E-07;-6.3;1;56.5;(2016 AB166)         1988Jan7
(2017 RZ15)          ;1988;Dec;22;11;35;60.3;5.5;5.00E-05;-6;0;15.95;(2017 RZ15)          1988Dec22
(2003 WT153)         ;1989;Oct;25;4;11;15.8;3.5;2.70E-05;-7;0;10.85;(2003 WT153)         1989Oct25
(2006 QV89)          ;1989;Aug;27;13;55;42.3;8.5;5.00E-05;-3.3;0;37.5;(2006 QV89)          1989Aug27
(2007 EO88)          ;1989;Sep;26;14;7;38.4;13.8;8.60E-06;-6.5;0;22.5;(2007 EO88)          1989Sep26
(2007 YS56)          ;1989;May;3;13;55;44.5;6.8;4.20E-06;-6.4;0;31.0;(2007 YS56)          1989May3
(2008 HJ)            ;1989;Apr;16;9;47;37.9;10.6;0.00026 ;-4.8;0;29.5;(2008 HJ)            1989Apr16
(2013 PG10)          ;1989;Feb;1;13;45;19.5;5.4;8.60E-06;-6.6;0;11.65;(2013 PG10)          1989Feb1
(2013 PS13)          ;1989;Aug;11;10;20;15.3;16.1;2.40E-06;-6.8;0;15.85;(2013 PS13)          1989Aug11
(2015 KG158)         ;1989;Nov;24;10;39;60.2;12.3;0.00024 ;-5.4;0;9.4;(2015 KG158)         1989Nov24
(2016 CH30)          ;1989;Feb;5;11;25;20.6;7.1;7.10E-06;-7;0;10.85;(2016 CH30)          1989Feb5
(2016 SR2)           ;1989;Sep;28;6;21;60.4;10.4;3.90E-07;-7.6;0;24.5;(2016 SR2)           1989Sep28
(2016 VB1)           ;1989;Nov;15;4;56;7.1;5.9;0.0011  ;-5.6;0;8.05;(2016 VB1)           1989Nov15
(2017 RZ15)          ;1989;Feb;15;5;7;69.9;4.3;5.00E-05;-6;0;15.95;(2017 RZ15)          1989Feb15
(2000 SG344)         ;1990;Jul;8;7;48;59.4;6.1;0.0026  ;-3.2;1;49.5;(2000 SG344)         1990Jul8
(2000 SG344)         ;1990;Jan;8;22;29;48.4;3.1;0.0026  ;-3.2;1;49.5;(2000 SG344)         1990Jan8
(2013 GM3)           ;1990;Jan;29;10;2;60.8;12.2;0.00015 ;-5.3;0;24.0;(2013 GM3)           1990Jan29
(2013 PG10)          ;1990;Jul;25;0;12;7;6.3;8.60E-06;-6.6;0;11.65;(2013 PG10)          1990Jul25
(2014 QF33)          ;1990;Aug;20;0;20;33;25.8;1.40E-07;-6.1;1;79.0;(2014 QF33)          1990Aug20
(2016 CG18)          ;1990;Dec;16;12;16;62.3;3.1;8.80E-05;-6.4;0;8.65;(2016 CG18)          1990Dec16
(2016 WF7)           ;1990;Feb;21;15;55;31.1;9;1.00E-07;-9.3;0;7.3;(2016 WF7)           1990Feb21
(2017 FR102)         ;1990;Nov;9;4;50;53.4;12.2;6.60E-08;-7.4;1;50.0;(2017 FR102)         1990Nov9
410777 (2009 FD)     ;1990;Apr;3;18;48;58.4;11.4;0.0016  ;-1.8;2;165.0;410777 (2009 FD)     1990Apr3
99942 Apophis (2004 MN4);1990;Apr;14;20;44;12.8;6.8;8.90E-06;-2.9;1;495.0;99942 Apophis (2004 MN4)1990Apr14
(1991 BA)            ;1991;Jan;18;17;19;0.4;17.9;1.10E-05;-6.1;0;8.05;(1991 BA)            1991Jan18
(2002 CB19)          ;1991;Aug;5;5;48;43;18.5;0.72    ;-8.7;1;43.0;(2002 CB19)          1991Aug5
(2006 BC8)           ;1991;Jan;17;2;42;35.9;10.5;9.50E-06;-5.6;1;41.0;(2006 BC8)           1991Jan17
(2009 HC)            ;1991;Oct;29;23;40;6.7;4;2.90E-06;-6.2;1;49.5;(2009 HC)            1991Oct29
(2011 BL45)          ;1991;Jun;2;18;23;62.1;5.1;0.00059 ;-4.7;0;17.5;(2011 BL45)          1991Jun2
(2011 CL50)          ;1991;Feb;25;2;26;6;3.1;5.00E-05;-6.9;0;13.0;(2011 CL50)          1991Feb25
(2012 UE34)          ;1991;Aug;17;23;38;72.7;4.5;2.70E-07;-6.2;1;94.0;(2012 UE34)          1991Aug17
(2012 UE34)          ;1991;Apr;8;15;55;0.8;5.7;2.70E-07;-6.2;1;94.0;(2012 UE34)          1991Apr8
(2012 WS3)           ;1991;May;20;1;45;13.3;9.8;1.20E-05;-6.6;0;27.5;(2012 WS3)           1991May20
(2014 HB177)         ;1991;Apr;24;16;17;68.8;11.2;1.70E-06;-7.7;0;10.2;(2014 HB177)         1991Apr24
(2014 JU15)          ;1991;Jun;1;20;10;36.5;9.6;5.60E-05;-5.2;1;47.0;(2014 JU15)          1991Jun1
(2014 KS76)          ;1991;Aug;11;16;59;53.5;5.6;4.40E-07;-7.6;0;20.5;(2014 KS76)          1991Aug11
(2015 EG)            ;1991;Jun;7;1;19;14.9;9.9;1.30E-07;-7.6;0;31.0;(2015 EG)            1991Jun7
(2015 VK1)           ;1991;Mar;14;5;6;62.6;13.5;7.70E-07;-7.1;0;20.5;(2015 VK1)           1991Mar14
(2016 AB166)         ;1991;Jun;25;11;25;39.1;22.6;3.10E-07;-6.3;1;56.5;(2016 AB166)         1991Jun25
(2016 CG18)          ;1991;Jul;30;20;48;39.1;3.2;8.80E-05;-6.4;0;8.65;(2016 CG18)          1991Jul30
(2016 CG18)          ;1991;May;5;17;32;42;2.8;8.80E-05;-6.4;0;8.65;(2016 CG18)          1991May5
(2016 JB29)          ;1991;Jun;5;18;17;12.6;9.2;1.70E-07;-6.9;1;49.5;(2016 JB29)          1991Jun5
(2016 SR2)           ;1991;May;6;8;48;72.2;4.3;3.90E-07;-7.6;0;24.5;(2016 SR2)           1991May6
(2016 SR2)           ;1991;Jan;22;23;15;59;5.1;3.90E-07;-7.6;0;24.5;(2016 SR2)           1991Jan22
(2016 VB1)           ;1991;Nov;23;6;24;58;10.5;0.0011  ;-5.6;0;8.05;(2016 VB1)           1991Nov23
(2017 FW90)          ;1991;Sep;26;10;6;27.8;6.2;7.40E-06;-7.4;0;10.1;(2017 FW90)          1991Sep26
(2017 HZ4)           ;1991;Jul;9;2;42;71.2;2.9;1.60E-05;-5.6;0;29.0;(2017 HZ4)           1991Jul9
(2017 HZ4)           ;1991;Apr;16;0;53;41;4.7;1.60E-05;-5.6;0;29.0;(2017 HZ4)           1991Apr16
410777 (2009 FD)     ;1991;Nov;3;0;20;63.6;20.8;0.0016  ;-1.8;2;165.0;410777 (2009 FD)     1991Nov3
(2000 SZ162)         ;1992;Oct;13;13;24;66.9;9.4;1.90E-06;-7.4;0;15.1;(2000 SZ162)         1992Oct13
(2002 TY59)          ;1992;Mar;4;1;57;66.5;13;1.70E-05;-5.5;0;34.0;(2002 TY59)          1992Mar4
(2009 HC)            ;1992;Jul;5;7;47;66.5;3.6;2.90E-06;-6.2;1;49.5;(2009 HC)            1992Jul5
(2009 TD17)          ;1992;Apr;23;17;56;1.7;6.5;2.30E-05;-6.9;0;12.35;(2009 TD17)          1992Apr23
(2011 BL45)          ;1992;Aug;23;2;57;61.5;5.5;0.00059 ;-4.7;0;17.5;(2011 BL45)          1992Aug23
(2011 UC64)          ;1992;May;28;8;10;60;9.8;1.70E-05;-7;0;11.5;(2011 UC64)          1992May28
(2014 LJ)            ;1992;Jan;2;18;59;11.9;4.5;1.50E-05;-7.8;0;8.65;(2014 LJ)            1992Jan2
(2014 WU200)         ;1992;Dec;2;12;5;28.2;3.9;4.80E-06;-7.9;0;6.5;(2014 WU200)         1992Dec2
(2014 XM7)           ;1992;Jan;17;20;50;39.1;10.1;3.80E-08;-6.7;1;115.0;(2014 XM7)           1992Jan17
(2015 RN35)          ;1992;Dec;30;10;0;36.6;8.8;4.00E-07;-6.2;1;102.0;(2015 RN35)          1992Dec30
(2015 VO142)         ;1992;Oct;7;3;29;44.3;2.2;6.40E-06;-7.7;0;6.8;(2015 VO142)         1992Oct7
(2016 DB)            ;1992;Apr;10;9;32;76.2;7.3;0.5     ;-11;0;8.65;(2016 DB)            1992Apr10
(2017 FW90)          ;1992;Dec;18;10;0;45.1;3.8;7.40E-06;-7.4;0;10.1;(2017 FW90)          1992Dec18
(2017 FW90)          ;1992;Aug;2;8;15;58;3.5;7.40E-06;-7.4;0;10.1;(2017 FW90)          1992Aug2
(2017 HG4)           ;1992;May;24;11;43;20.6;4.5;3.90E-05;-6.6;0;12.95;(2017 HG4)           1992May24
(2017 HJ)            ;1992;Oct;13;3;40;42.8;11.6;3.40E-06;-7.6;0;13.8;(2017 HJ)            1992Oct13
(1993 HP1)           ;1993;Apr;26;11;28;2.2;9.4;4.50E-07;-7.6;0;16.5;(1993 HP1)           1993Apr26
(1993 UA)            ;1993;Oct;18;18;57;2.6;9.5;7.10E-07;-6.9;0;35.5;(1993 UA)            1993Oct18
(2000 LG6)           ;1993;Jul;21;8;57;22.4;3.4;0.0019  ;-5.5;0;6.8;(2000 LG6)           1993Jul21
(2002 EM7)           ;1993;Mar;11;0;39;49.5;14.2;6.10E-08;-7.3;1;56.5;(2002 EM7)           1993Mar11
(2002 TY59)          ;1993;Mar;9;19;12;24.8;9.7;1.70E-05;-5.5;0;34.0;(2002 TY59)          1993Mar9
(2007 UD6)           ;1993;Jun;4;11;40;61.2;10.6;8.80E-05;-6.5;0;9.4;(2007 UD6)           1993Jun4
(2008 ST)            ;1993;May;27;15;45;15.3;4.1;0.00016 ;-5.5;0;16.5;(2008 ST)            1993May27
(2009 HC)            ;1993;Apr;12;5;0;44;6.8;2.90E-06;-6.2;1;49.5;(2009 HC)            1993Apr12
(2011 DS)            ;1993;Aug;15;18;56;13;7.5;2.70E-05;-6.2;0;18.0;(2011 DS)            1993Aug15
(2014 CR13)          ;1993;Oct;2;14;2;43.4;10.1;9.10E-05;-4.8;0;31.0;(2014 CR13)          1993Oct2
(2014 GY44)          ;1993;Apr;7;21;8;69;17.2;1.70E-06;-6.3;1;35.5;(2014 GY44)          1993Apr7
(2014 WU200)         ;1993;Aug;13;16;52;36.8;2.2;4.80E-06;-7.9;0;6.5;(2014 WU200)         1993Aug13
(2015 VO142)         ;1993;Feb;16;5;41;18.4;2.2;6.40E-06;-7.7;0;6.8;(2015 VO142)         1993Feb16
(2016 EU84)          ;1993;Apr;14;23;52;11.4;2.2;1.10E-06;-8.4;0;6.8;(2016 EU84)          1993Apr14
(2016 WF7)           ;1993;Nov;21;7;33;34.3;9.2;1.00E-07;-9.3;0;7.3;(2016 WF7)           1993Nov21
(2016 WN7)           ;1993;Feb;6;17;40;56.7;6.2;2.60E-06;-7.3;0;11.5;(2016 WN7)           1993Feb6
(2017 FW90)          ;1993;May;26;23;13;60.6;3.7;7.40E-06;-7.4;0;10.1;(2017 FW90)          1993May26
(1994 GK)            ;1994;Apr;5;10;50;8.7;15.6;6.90E-05;-3.7;1;62.0;(1994 GK)            1994Apr5
(1994 GV)            ;1994;Apr;12;3;11;2.7;8.3;0.00016 ;-5.7;0;14.4;(1994 GV)            1994Apr12
(2002 TY59)          ;1994;Mar;16;20;13;27.3;6.7;1.70E-05;-5.5;0;34.0;(2002 TY59)          1994Mar16
(2008 CM74)          ;1994;Jun;17;4;49;5.5;4;1.40E-06;-8.1;0;10.2;(2008 CM74)          1994Jun17
(2008 DB)            ;1994;Jul;24;10;47;72.1;4.3;3.70E-05;-5;0;31.0;(2008 DB)            1994Jul24
(2008 JL24)          ;1994;Nov;21;11;4;46;3.2;2.30E-07;-9.2;0;5.15;(2008 JL24)          1994Nov21
(2008 JL24)          ;1994;May;21;11;25;10.4;2.1;2.30E-07;-9.2;0;5.15;(2008 JL24)          1994May21
(2008 ST)            ;1994;Sep;28;17;34;50.3;7.1;0.00016 ;-5.5;0;16.5;(2008 ST)            1994Sep28
(2008 ST)            ;1994;Jan;15;9;4;58.8;4.3;0.00016 ;-5.5;0;16.5;(2008 ST)            1994Jan15
(2010 VQ)            ;1994;Nov;18;11;14;16.3;3.9;0.00014 ;-5.3;0;12.35;(2010 VQ)            1994Nov18
(2012 SU9)           ;1994;Sep;16;12;41;46;14.5;1.40E-06;-7.4;0;15.85;(2012 SU9)           1994Sep16
(2014 WU200)         ;1994;Apr;30;16;22;32.4;4.2;4.80E-06;-7.9;0;6.5;(2014 WU200)         1994Apr30
(2016 SK2)           ;1994;Apr;11;18;30;72.3;15.7;2.20E-06;-5.9;1;37.5;(2016 SK2)           1994Apr11
(2017 FW90)          ;1994;Mar;25;6;41;16.2;5.3;7.40E-06;-7.4;0;10.1;(2017 FW90)          1994Mar25
(1995 CS)            ;1995;Feb;2;11;20;5.5;24.8;5.30E-06;-4.8;1;34.0;(1995 CS)            1995Feb2
(2002 EM7)           ;1995;Jul;1;12;12;47.9;13.9;6.10E-08;-7.3;1;56.5;(2002 EM7)           1995Jul1
(2002 TY59)          ;1995;Apr;14;1;27;65.5;5.8;1.70E-05;-5.5;0;34.0;(2002 TY59)          1995Apr14
(2004 FH)            ;1995;Feb;18;0;58;18.1;6;5.40E-06;-6.6;0;31.0;(2004 FH)            1995Feb18
(2010 GV23)          ;1995;Jun;30;12;39;38.5;4;7.30E-07;-8;0;13.0;(2010 GV23)          1995Jun30
(2010 RF12)          ;1995;Apr;10;11;49;68.1;10.1;0.05    ;-3.3;0;10.2;(2010 RF12)          1995Apr10
(2010 TW54)          ;1995;Mar;27;19;35;50.7;11.6;3.20E-05;-6.1;0;13.0;(2010 TW54)          1995Mar27
(2010 UY7)           ;1995;Feb;9;22;14;29.3;6.2;0.00023 ;-6.2;0;8.65;(2010 UY7)           1995Feb9
(2011 EM40)          ;1995;Sep;5;9;54;47.1;14.2;1.40E-06;-8;0;10.85;(2011 EM40)          1995Sep5
(2012 DJ54)          ;1995;Mar;8;16;22;57.1;9.9;0.00023 ;-6;0;8.05;(2012 DJ54)          1995Mar8
(2013 QM48)          ;1995;Mar;22;3;4;27.7;7.3;3.80E-06;-7.6;0;14.4;(2013 QM48)          1995Mar22
(2014 CE)            ;1995;Feb;2;2;23;6;13.5;2.00E-06;-7.1;0;18.0;(2014 CE)            1995Feb2
(2014 TL)            ;1995;Oct;3;21;34;17.9;12.1;6.30E-06;-7;0;11.65;(2014 TL)            1995Oct3
(2014 UD57)          ;1995;Oct;6;16;4;27.7;6.9;2.90E-05;-5.3;0;29.5;(2014 UD57)          1995Oct6
(2014 WZ365)         ;1995;Oct;4;0;15;58.4;15.8;0.28    ;-9.7;0;27.5;(2014 WZ365)         1995Oct4
(2015 EG)            ;1995;Jun;1;6;41;33.3;7.6;1.30E-07;-7.6;0;31.0;(2015 EG)            1995Jun1
(2016 SU2)           ;1995;Sep;25;15;38;23.5;11;4.40E-06;-7.3;0;13.0;(2016 SU2)           1995Sep25
(1996 TC1)           ;1996;Sep;25;14;52;6;24.3;1.30E-06;-5;1;71.5;(1996 TC1)           1996Sep25
(2005 VN5)           ;1996;Oct;20;8;42;41.7;4.8;5.00E-05;-5.9;0;17.5;(2005 VN5)           1996Oct20
(2006 HE2)           ;1996;Apr;12;2;52;66.2;10.1;1.10E-06;-7.3;0;21.5;(2006 HE2)           1996Apr12
(2008 DB)            ;1996;Feb;17;0;15;25.6;8.9;3.70E-05;-5;0;31.0;(2008 DB)            1996Feb17
(2008 EX5)           ;1996;Sep;26;8;40;64.8;14.8;4.70E-05;-4.2;1;73.0;(2008 EX5)           1996Sep26
(2010 RF12)          ;1996;Apr;6;13;33;43.6;8.2;0.05    ;-3.3;0;10.2;(2010 RF12)          1996Apr6
(2011 DS)            ;1996;Feb;25;8;55;50.2;10.4;2.70E-05;-6.2;0;18.0;(2011 DS)            1996Feb25
(2011 TO)            ;1996;Oct;14;12;47;57.6;5.8;6.00E-06;-5.9;0;24.0;(2011 TO)            1996Oct14
(2012 TC4)           ;1996;Oct;13;2;3;2;6.4;0.001   ;-4.2;0;19.5;(2012 TC4)           1996Oct13
(2014 JU15)          ;1996;Jun;9;14;26;47.9;11.6;5.60E-05;-5.2;1;47.0;(2014 JU15)          1996Jun9
(2015 XA378)         ;1996;Jun;6;22;6;42.5;21.1;4.90E-05;-4.8;1;28.5;(2015 XA378)         1996Jun6
(2016 CH30)          ;1996;Oct;10;12;4;22.6;7.2;7.10E-06;-7;0;10.85;(2016 CH30)          1996Oct10
(2017 SS12)          ;1996;Oct;4;10;47;71.1;15.5;1.70E-06;-7.4;0;16.0;(2017 SS12)          1996Oct4
(1997 TC25)          ;1997;Sep;28;10;59;6.1;10.2;2.60E-07;-6.7;1;51.5;(1997 TC25)          1997Sep28
(1997 UA11)          ;1997;Oct;26;4;22;2.7;12.5;2.90E-07;-6.6;1;39.0;(1997 UA11)          1997Oct26
(2006 BC8)           ;1997;Jul;21;23;30;26.8;15.1;9.50E-06;-5.6;1;41.0;(2006 BC8)           1997Jul21
(2006 HE2)           ;1997;Oct;2;0;19;44.4;8.4;1.10E-06;-7.3;0;21.5;(2006 HE2)           1997Oct2
(2007 YS56)          ;1997;Dec;26;17;52;28.9;7.2;4.20E-06;-6.4;0;31.0;(2007 YS56)          1997Dec26
(2008 EA9)           ;1997;Dec;18;5;29;47;5.1;2.30E-05;-6.7;0;12.35;(2008 EA9)           1997Dec18
(2010 RF12)          ;1997;Apr;3;16;39;21.8;6.5;0.05    ;-3.3;0;10.2;(2010 RF12)          1997Apr3
(2010 TW54)          ;1997;Oct;11;3;58;19.2;9.2;3.20E-05;-6.1;0;13.0;(2010 TW54)          1997Oct11
(2010 UK)            ;1997;Dec;29;13;38;33.6;4.9;0.00052 ;-4.4;0;19.0;(2010 UK)            1997Dec29
(2012 SU9)           ;1997;Jan;7;23;15;19.8;12.4;1.40E-06;-7.4;0;15.85;(2012 SU9)           1997Jan7
(2014 QF33)          ;1997;Dec;6;16;14;29.1;21.9;1.40E-07;-6.1;1;79.0;(2014 QF33)          1997Dec6
(2015 TG24)          ;1997;Oct;14;16;16;50.6;14;1.60E-05;-6.8;0;19.5;(2015 TG24)          1997Oct14
(2015 YM1)           ;1997;Jun;13;13;34;3;7;6.90E-06;-7.2;0;8.8;(2015 YM1)           1997Jun13
(2016 AF2)           ;1997;Mar;27;22;6;16.6;7.1;2.60E-07;-8.2;0;11.5;(2016 AF2)           1997Mar27
(2016 DK1)           ;1997;Mar;7;12;20;76.6;12.9;0.00019 ;-5.4;0;13.7;(2016 DK1)           1997Mar7
(2016 RD34)          ;1997;Mar;8;9;30;57.6;3;0.0062  ;-3.8;0;13.0;(2016 RD34)          1997Mar8
(2016 SK2)           ;1997;Sep;28;13;53;74.1;18.4;2.20E-06;-5.9;1;37.5;(2016 SK2)           1997Sep28
(2016 SU2)           ;1997;Jan;5;23;39;31.6;11.7;4.40E-06;-7.3;0;13.0;(2016 SU2)           1997Jan5
(2017 HZ4)           ;1997;Feb;14;10;36;63.6;10.8;1.60E-05;-5.6;0;29.0;(2017 HZ4)           1997Feb14
(2017 SA20)          ;1997;Apr;26;10;39;4.3;6.2;0.0033  ;-4.4;0;9.5;(2017 SA20)          1997Apr26
(1998 DK36)          ;1998;Feb;14;23;37;4.4;7.3;5.60E-07;-6.5;1;43.0;(1998 DK36)          1998Feb14
(2003 WT153)         ;1998;Sep;14;0;14;56.2;9;2.70E-05;-7;0;10.85;(2003 WT153)         1998Sep14
(2004 PU42)          ;1998;Jul;31;17;54;72;15.6;7.60E-05;-5.9;0;19.5;(2004 PU42)          1998Jul31
(2004 VM24)          ;1998;Nov;6;8;47;54.2;17.1;2.30E-05;-5.7;0;31.0;(2004 VM24)          1998Nov6
(2007 WP3)           ;1998;Nov;5;5;53;24.7;11.4;7.70E-06;-5;1;86.5;(2007 WP3)           1998Nov5
(2010 RF12)          ;1998;Apr;1;1;4;10.5;5.1;0.05    ;-3.3;0;10.2;(2010 RF12)          1998Apr1
(2012 DJ54)          ;1998;Oct;30;5;3;28.8;7.5;0.00023 ;-6;0;8.05;(2012 DJ54)          1998Oct30
(2012 PB20)          ;1998;Nov;9;1;15;69.8;3.3;2.80E-06;-6.6;1;45.0;(2012 PB20)          1998Nov9
(2012 UE34)          ;1998;Sep;11;11;21;73.7;5.5;2.70E-07;-6.2;1;94.0;(2012 UE34)          1998Sep11
(2012 UE34)          ;1998;Mar;28;8;36;46.4;7.3;2.70E-07;-6.2;1;94.0;(2012 UE34)          1998Mar28
(2013 CY)            ;1998;Sep;18;3;39;41.8;5.5;2.20E-06;-8;0;9.4;(2013 CY)            1998Sep18
(2014 KS76)          ;1998;May;21;7;55;58.3;11.8;4.40E-07;-7.6;0;20.5;(2014 KS76)          1998May21
(2014 YN)            ;1998;Dec;11;4;30;10.4;2.8;5.30E-05;-5.8;0;31.0;(2014 YN)            1998Dec11
(2015 UH52)          ;1998;Jan;18;1;45;56.2;14.8;1.20E-06;-6.9;0;27.5;(2015 UH52)          1998Jan18
(2016 CH30)          ;1998;Feb;4;9;15;50.8;9.5;7.10E-06;-7;0;10.85;(2016 CH30)          1998Feb4
(2016 DB)            ;1998;Mar;23;6;10;70.4;7.2;0.5     ;-11;0;8.65;(2016 DB)            1998Mar23
(2016 EO28)          ;1998;Oct;25;3;7;64;11.8;0.00059 ;-4.9;0;6.2;(2016 EO28)          1998Oct25
(2016 WU)            ;1998;May;22;23;9;44.9;4.8;2.60E-06;-7.1;0;15.1;(2016 WU)            1998May22
(2016 WY)            ;1998;Dec;4;7;37;3.4;3.2;0.0001  ;-6.6;0;5.65;(2016 WY)            1998Dec4
443104 (2013 XK22)   ;1998;Dec;17;13;58;31;9.1;1.40E-06;-5.8;1;59.5;443104 (2013 XK22)   1998Dec17
99942 Apophis (2004 MN4);1998;Apr;14;19;46;9.5;6.6;8.90E-06;-2.9;1;495.0;99942 Apophis (2004 MN4)1998Apr14
(1999 RZ31)          ;1999;Sep;4;12;28;8.5;7.8;1.60E-06;-5.3;1;73.0;(1999 RZ31)          1999Sep4
(2000 SG344)         ;1999;Dec;26;19;31;24.9;1.8;0.0026  ;-3.2;1;49.5;(2000 SG344)         1999Dec26
(2000 SG344)         ;1999;May;6;3;20;1.5;1.9;0.0026  ;-3.2;1;49.5;(2000 SG344)         1999May6
(2004 DA53)          ;1999;Mar;10;22;50;49.4;7;9.00E-06;-6.9;0;10.85;(2004 DA53)          1999Mar10
(2009 YR)            ;1999;Sep;16;14;54;46;6.7;1.10E-05;-6.9;0;10.85;(2009 YR)            1999Sep16
(2010 FN)            ;1999;Oct;30;18;34;56.2;11.2;3.90E-06;-7;0;20.5;(2010 FN)            1999Oct30
(2010 RF12)          ;1999;Mar;28;20;14;19.7;4;0.05    ;-3.3;0;10.2;(2010 RF12)          1999Mar28
(2011 TO)            ;1999;Feb;8;6;54;7.2;8.5;6.00E-06;-5.9;0;24.0;(2011 TO)            1999Feb8
(2012 KP24)          ;1999;Jun;7;21;5;42.3;11.3;3.40E-07;-6.6;0;22.5;(2012 KP24)          1999Jun7
